Age,Height_cm,Weight_kg,BMI,Sport_Type,Level,Goal,Training_Days_Per_Week,Years_Training,Has_Injury_History,Endurance_Score,Strength_Score,Speed_Score,Flexibility_Score,Explosiveness_Score,Recovery_Score,Recommended_Program
45,168.7,109.3,38.4,Basketball,Amateur,Flexibility,4,3.4,0,7,7,8,3,10,4,General Fitness Foundation
27,160.0,75.3,29.4,Basketball,Professional,Endurance,3,8.3,0,9,7,4,4,6,7,General Fitness Foundation
32,187.1,104.5,29.9,Running,Professional,Power,3,1.3,1,7,8,9,10,5,6,General Fitness Foundation
43,174.7,90.6,29.7,Running,Professional,Strength,4,4.8,1,8,10,7,3,8,10,General Fitness Foundation
36,163.8,106.9,39.8,Weightlifting,Professional,Strength,6,5.6,1,9,10,6,6,4,6,General Fitness Foundation
45,161.8,112.8,43.1,Weightlifting,Professional,Speed,4,2.5,0,3,6,8,4,4,8,General Fitness Foundation
35,175.2,70.5,23.0,Boxing,Professional,Speed,2,5.4,1,9,9,4,10,7,3,General Fitness Foundation
45,168.1,116.8,41.3,Boxing,Amateur,General,4,10.0,0,3,8,9,7,4,6,General Fitness Foundation
42,183.0,80.0,23.9,Football,Novice,Speed,6,0.6,1,8,10,10,10,3,7,Speed Academy
20,190.3,102.0,28.2,Weightlifting,Amateur,Speed,5,0.4,1,10,8,7,9,3,7,General Fitness Foundation
35,161.3,71.0,27.3,Basketball,Amateur,Speed,2,2.9,0,9,8,6,8,8,5,General Fitness Foundation
25,173.2,73.9,24.6,Running,Novice,Power,5,7.3,1,6,10,8,4,3,9,General Fitness Foundation
20,190.6,99.9,27.5,Running,Professional,Weight Loss,2,1.6,1,7,6,3,4,4,8,General Fitness Foundation
28,187.1,66.9,19.1,Basketball,Amateur,Strength,2,7.6,1,3,9,3,4,6,3,General Fitness Foundation
37,178.4,74.4,23.4,Basketball,Amateur,Strength,2,7.7,0,3,9,8,10,9,7,General Fitness Foundation
25,170.4,83.4,28.7,Running,Novice,Speed,4,5.7,1,5,8,6,6,7,6,General Fitness Foundation
45,171.9,68.5,23.2,Weightlifting,Professional,Recovery,5,9.4,1,5,6,7,5,7,8,General Fitness Foundation
37,180.5,69.6,21.4,Basketball,Amateur,Power,5,0.4,1,10,6,3,8,7,9,Vertical Jump Pro
35,181.6,104.4,31.7,Boxing,Amateur,Agility,2,0.4,0,8,7,9,9,7,6,General Fitness Foundation
28,172.0,72.1,24.4,Football,Amateur,Weight Loss,5,5.4,1,5,6,6,3,5,6,General Fitness Foundation
28,177.0,82.0,26.2,Running,Amateur,Flexibility,6,8.3,1,9,5,7,6,9,7,General Fitness Foundation
19,164.9,111.9,41.2,Boxing,Novice,Recovery,5,9.9,0,6,6,5,4,5,7,General Fitness Foundation
16,194.7,67.8,17.9,Running,Amateur,Weight Loss,4,8.7,1,3,5,7,7,9,7,General Fitness Foundation
40,191.2,92.3,25.2,Weightlifting,Amateur,Weight Loss,3,1.9,0,9,5,6,10,4,7,General Fitness Foundation
42,183.9,103.7,30.7,Weightlifting,Novice,General,2,9.3,1,3,4,4,7,5,4,General Fitness Foundation
41,160.9,109.6,42.3,Basketball,Novice,Endurance,2,6.3,0,5,4,7,5,10,7,General Fitness Foundation
43,179.8,68.8,21.3,Boxing,Amateur,General,3,6.6,1,6,10,3,7,10,7,General Fitness Foundation
44,172.9,65.1,21.8,Boxing,Professional,Speed,3,5.9,1,9,10,3,10,6,6,General Fitness Foundation
43,179.3,97.6,30.4,Running,Professional,Speed,6,7.8,0,4,8,5,4,9,7,General Fitness Foundation
17,178.5,93.9,29.5,Weightlifting,Amateur,Flexibility,4,2.2,1,7,6,10,5,3,8,General Fitness Foundation
20,185.9,117.5,34.0,Running,Novice,Weight Loss,4,3.3,0,7,10,9,10,4,9,General Fitness Foundation
20,183.7,102.2,30.3,Running,Amateur,Strength,5,6.4,0,5,6,5,7,10,5,General Fitness Foundation
37,171.6,109.6,37.2,Basketball,Amateur,Flexibility,3,5.6,0,4,7,8,7,6,3,General Fitness Foundation
43,164.3,113.2,41.9,Football,Amateur,General,5,1.8,1,10,6,10,4,9,4,General Fitness Foundation
17,162.0,92.0,35.1,Weightlifting,Professional,Muscle Gain,4,1.1,1,4,7,8,3,4,5,General Fitness Foundation
45,167.5,104.2,37.1,Running,Novice,Speed,6,0.3,0,10,5,9,3,7,6,General Fitness Foundation
32,172.8,107.8,36.1,Weightlifting,Professional,Recovery,6,6.7,1,5,6,7,6,6,3,General Fitness Foundation
40,192.5,97.4,26.3,Basketball,Professional,Speed,4,6.3,0,9,10,3,4,6,10,General Fitness Foundation
35,188.0,111.8,31.6,Boxing,Novice,Endurance,6,9.0,1,3,9,9,5,8,3,General Fitness Foundation
46,178.4,94.5,29.7,Basketball,Novice,Recovery,6,9.5,1,4,10,7,7,6,3,General Fitness Foundation
28,166.6,112.9,40.7,Weightlifting,Amateur,Strength,6,2.9,1,3,6,5,4,7,10,General Fitness Foundation
27,164.0,87.7,32.6,Basketball,Amateur,Weight Loss,2,3.0,1,5,6,9,3,9,10,General Fitness Foundation
24,173.2,112.3,37.4,Football,Professional,Weight Loss,3,3.0,1,9,4,10,10,3,9,General Fitness Foundation
19,164.6,91.0,33.6,Weightlifting,Novice,Muscle Gain,6,2.1,1,7,8,4,7,10,7,General Fitness Foundation
47,179.0,79.3,24.7,Boxing,Professional,Strength,6,0.5,1,8,7,9,8,5,6,Explosive Punch Power
33,165.7,117.1,42.6,Basketball,Amateur,Muscle Gain,5,6.1,0,5,7,6,7,10,7,General Fitness Foundation
22,170.1,83.1,28.7,Football,Novice,Agility,6,5.6,1,5,9,6,3,3,3,Speed Academy
25,189.4,87.6,24.4,Weightlifting,Amateur,Strength,4,5.6,0,8,10,4,5,5,10,General Fitness Foundation
36,165.7,75.5,27.5,Basketball,Amateur,Power,6,7.7,0,10,6,3,4,9,9,Vertical Jump Pro
38,176.9,113.9,36.4,Boxing,Novice,Power,4,7.4,0,9,6,4,4,9,9,Explosive Punch Power
39,172.5,102.5,34.4,Basketball,Amateur,Recovery,3,1.0,1,5,7,3,7,7,4,General Fitness Foundation
23,169.4,97.9,34.1,Weightlifting,Novice,Endurance,4,9.7,1,10,8,8,7,7,7,General Fitness Foundation
44,191.2,91.8,25.1,Football,Professional,Speed,2,7.6,1,5,7,3,10,9,10,Speed Academy
37,166.5,98.8,35.6,Basketball,Novice,Power,4,6.4,0,9,6,10,9,10,6,Vertical Jump Pro
23,174.6,63.8,20.9,Boxing,Professional,Muscle Gain,3,4.8,0,5,8,5,4,7,5,General Fitness Foundation
29,180.1,103.8,32.0,Boxing,Professional,Endurance,5,1.4,0,6,7,4,9,4,9,General Fitness Foundation
50,186.4,111.3,32.0,Basketball,Amateur,Speed,3,7.4,1,8,4,10,4,7,4,General Fitness Foundation
42,167.5,96.4,34.4,Weightlifting,Novice,Power,2,6.0,0,5,9,5,5,6,9,General Fitness Foundation
34,167.7,88.2,31.4,Football,Professional,Flexibility,5,9.6,1,7,8,6,5,9,8,General Fitness Foundation
32,170.1,61.7,21.3,Basketball,Novice,Flexibility,3,4.8,1,7,3,3,5,4,8,Vertical Jump Pro
17,184.0,71.8,21.2,Boxing,Novice,Muscle Gain,6,7.4,0,8,9,8,3,10,3,General Fitness Foundation
26,191.3,82.9,22.7,Running,Professional,Speed,3,4.7,0,7,10,9,8,8,10,General Fitness Foundation
39,167.2,103.0,36.8,Running,Novice,Weight Loss,5,2.4,0,9,3,6,6,5,5,General Fitness Foundation
16,180.4,109.8,33.7,Running,Professional,Muscle Gain,2,8.2,1,7,10,6,9,5,5,General Fitness Foundation
23,164.9,86.1,31.7,Football,Novice,Recovery,5,1.3,1,6,4,6,6,4,6,General Fitness Foundation
42,182.0,90.8,27.4,Boxing,Professional,Power,3,9.7,1,10,7,3,8,8,9,Explosive Punch Power
36,187.5,119.9,34.1,Basketball,Amateur,Agility,3,2.8,1,4,3,8,8,5,7,Vertical Jump Pro
28,170.7,110.9,38.1,Weightlifting,Professional,Recovery,4,4.4,1,7,8,10,6,5,5,General Fitness Foundation
35,167.2,88.8,31.8,Boxing,Novice,Weight Loss,3,1.9,1,3,3,4,5,4,4,General Fitness Foundation
44,163.9,82.1,30.6,Weightlifting,Professional,General,3,4.0,0,3,8,3,6,10,5,General Fitness Foundation
32,191.0,119.5,32.8,Football,Professional,Weight Loss,5,6.5,1,3,7,10,6,6,3,General Fitness Foundation
27,175.1,64.8,21.1,Weightlifting,Novice,Power,6,9.0,0,10,7,5,3,9,10,General Fitness Foundation
21,194.4,87.1,23.0,Basketball,Professional,Endurance,6,8.3,1,4,3,5,8,8,5,General Fitness Foundation
33,161.5,67.3,25.8,Football,Amateur,Speed,6,1.2,1,3,3,10,7,10,3,Speed Academy
40,179.9,86.8,26.8,Weightlifting,Novice,Power,3,3.3,1,10,7,10,8,10,4,General Fitness Foundation
29,191.3,82.3,22.5,Running,Amateur,Strength,5,0.7,1,10,9,8,7,7,8,General Fitness Foundation
35,162.7,86.0,32.5,Weightlifting,Amateur,Recovery,6,7.6,0,8,10,5,9,6,8,General Fitness Foundation
42,170.4,75.7,26.1,Weightlifting,Professional,Recovery,4,1.6,1,10,7,10,5,4,6,General Fitness Foundation
30,177.5,75.3,23.9,Weightlifting,Novice,Flexibility,6,0.7,1,9,10,8,3,9,3,General Fitness Foundation
16,193.3,118.4,31.7,Running,Professional,Agility,6,4.8,0,6,3,5,10,5,4,General Fitness Foundation
35,170.6,107.4,36.9,Football,Novice,Speed,2,4.3,1,9,3,3,9,8,3,Speed Academy
36,168.3,74.8,26.4,Football,Novice,Power,6,7.0,0,6,3,8,6,5,7,General Fitness Foundation
19,182.8,116.4,34.8,Boxing,Professional,Power,5,5.3,0,9,7,5,6,6,7,Explosive Punch Power
36,162.4,74.5,28.2,Weightlifting,Professional,Muscle Gain,3,7.3,0,3,7,8,6,5,7,General Fitness Foundation
24,164.5,102.1,37.7,Football,Professional,Flexibility,6,9.2,0,4,6,7,9,7,3,General Fitness Foundation
42,173.8,71.7,23.7,Weightlifting,Professional,Speed,2,1.8,0,10,5,7,7,10,4,General Fitness Foundation
34,190.5,98.0,27.0,Weightlifting,Amateur,Muscle Gain,5,6.6,1,9,3,10,4,5,5,General Fitness Foundation
34,164.7,89.0,32.8,Weightlifting,Amateur,General,5,8.0,0,7,6,6,3,5,7,General Fitness Foundation
38,180.7,80.1,24.5,Boxing,Novice,Power,3,6.3,1,10,8,3,9,6,5,Explosive Punch Power
18,169.0,64.5,22.6,Basketball,Amateur,Speed,3,4.6,0,7,4,6,5,4,10,Vertical Jump Pro
35,187.6,106.5,30.3,Weightlifting,Professional,Agility,6,6.9,1,5,4,9,4,9,10,General Fitness Foundation
26,184.8,109.1,31.9,Weightlifting,Amateur,General,6,4.2,1,5,9,7,4,4,8,General Fitness Foundation
47,186.3,70.3,20.3,Boxing,Novice,Muscle Gain,5,2.3,1,10,6,5,10,7,7,General Fitness Foundation
29,160.1,98.7,38.5,Football,Amateur,General,3,0.0,1,8,7,5,8,5,10,General Fitness Foundation
25,179.0,87.5,27.3,Football,Novice,Power,5,6.6,1,4,3,9,7,3,5,General Fitness Foundation
17,184.2,101.5,29.9,Basketball,Professional,Endurance,3,9.3,1,5,7,9,9,5,5,Vertical Jump Pro
40,187.2,81.5,23.3,Boxing,Novice,Recovery,6,9.0,0,6,10,3,8,9,10,General Fitness Foundation
33,189.1,60.6,16.9,Weightlifting,Professional,Power,5,0.9,1,4,7,8,7,5,5,General Fitness Foundation
39,193.7,95.9,25.6,Football,Amateur,Strength,6,7.8,1,4,8,9,6,7,4,General Fitness Foundation
42,174.6,63.3,20.8,Basketball,Amateur,Speed,6,5.2,1,5,10,4,10,4,7,Vertical Jump Pro
23,161.9,95.0,36.2,Basketball,Novice,Muscle Gain,4,7.9,0,3,8,7,3,10,9,General Fitness Foundation
28,170.2,116.1,40.1,Running,Novice,Strength,3,5.3,0,10,3,6,9,10,3,General Fitness Foundation
20,170.3,102.5,35.3,Football,Professional,Recovery,6,7.9,0,8,4,5,3,7,6,General Fitness Foundation
25,177.9,62.3,19.7,Boxing,Professional,Muscle Gain,4,5.3,1,10,4,8,3,4,8,General Fitness Foundation
35,167.8,65.9,23.4,Weightlifting,Professional,Strength,6,3.5,0,8,6,3,7,9,8,General Fitness Foundation
37,190.1,114.8,31.8,Football,Amateur,Muscle Gain,5,1.8,1,5,7,9,5,5,7,General Fitness Foundation
23,188.5,77.9,21.9,Weightlifting,Professional,Endurance,3,9.4,0,6,4,8,6,4,9,General Fitness Foundation
26,171.2,62.0,21.2,Weightlifting,Amateur,Weight Loss,4,9.6,1,3,4,4,3,3,6,General Fitness Foundation
46,170.3,87.2,30.1,Basketball,Novice,Power,6,2.7,1,6,7,3,10,9,4,Vertical Jump Pro
17,183.1,113.3,33.8,Football,Professional,Strength,4,3.1,0,7,10,7,6,10,5,General Fitness Foundation
40,189.6,74.5,20.7,Boxing,Amateur,Recovery,2,0.7,0,5,3,10,6,9,10,General Fitness Foundation
39,174.8,102.5,33.5,Basketball,Novice,Strength,5,8.0,1,9,6,4,5,3,6,Vertical Jump Pro
38,181.1,92.9,28.3,Basketball,Novice,Muscle Gain,5,8.9,0,8,10,4,5,3,7,Vertical Jump Pro
18,182.0,97.4,29.4,Weightlifting,Amateur,General,5,2.1,0,4,7,10,10,6,4,General Fitness Foundation
33,168.0,100.6,35.6,Running,Novice,Flexibility,6,2.7,0,8,5,8,9,9,6,General Fitness Foundation
35,166.7,115.9,41.7,Basketball,Amateur,Flexibility,3,6.2,0,8,10,6,3,7,6,General Fitness Foundation
40,194.0,107.9,28.7,Football,Novice,Flexibility,6,4.2,1,4,10,4,8,3,7,General Fitness Foundation
49,193.6,74.8,20.0,Boxing,Professional,Weight Loss,3,6.1,1,7,9,4,9,9,7,General Fitness Foundation
45,190.9,97.9,26.9,Football,Amateur,General,2,8.1,1,10,7,7,5,10,8,General Fitness Foundation
22,163.6,106.6,39.8,Boxing,Amateur,Muscle Gain,6,3.8,0,6,9,10,10,3,7,General Fitness Foundation
16,194.1,63.1,16.7,Boxing,Professional,Weight Loss,2,4.1,1,6,6,4,5,4,8,General Fitness Foundation
50,170.4,87.2,30.0,Weightlifting,Professional,Recovery,2,4.3,1,4,8,9,4,8,10,General Fitness Foundation
42,177.5,98.6,31.3,Boxing,Novice,Endurance,6,2.4,0,6,8,3,4,9,3,General Fitness Foundation
20,190.7,80.8,22.2,Basketball,Amateur,Endurance,2,5.4,1,4,10,7,6,10,5,General Fitness Foundation
42,192.6,119.2,32.1,Football,Novice,Muscle Gain,3,7.9,1,5,6,10,3,6,4,General Fitness Foundation
20,191.2,74.2,20.3,Boxing,Novice,Flexibility,4,1.0,0,6,9,7,10,9,6,General Fitness Foundation
23,161.5,94.4,36.2,Basketball,Professional,Flexibility,4,9.8,1,9,4,9,8,10,5,General Fitness Foundation
47,182.5,110.2,33.1,Running,Professional,Agility,2,3.7,0,3,3,10,5,5,8,General Fitness Foundation
33,161.5,92.7,35.5,Running,Novice,Endurance,5,8.8,0,7,8,6,8,3,5,General Fitness Foundation
39,187.1,117.7,33.6,Basketball,Amateur,Speed,2,3.2,0,6,5,10,7,4,10,Vertical Jump Pro
21,170.5,93.6,32.2,Boxing,Professional,Flexibility,3,2.6,1,7,8,9,8,4,9,General Fitness Foundation
17,193.8,67.9,18.1,Running,Professional,Speed,4,1.9,0,10,4,3,8,5,10,General Fitness Foundation
19,161.9,81.6,31.1,Weightlifting,Novice,Weight Loss,4,6.9,0,7,6,4,4,6,9,General Fitness Foundation
48,189.5,60.1,16.7,Boxing,Amateur,Agility,2,7.8,1,4,4,6,5,7,4,General Fitness Foundation
19,193.8,79.2,21.1,Weightlifting,Amateur,Power,3,4.9,0,3,6,5,6,6,10,General Fitness Foundation
37,164.9,90.0,33.1,Weightlifting,Professional,Power,2,3.5,1,10,6,3,10,4,9,General Fitness Foundation
28,173.0,89.3,29.8,Basketball,Novice,Strength,4,2.1,1,5,7,4,4,6,4,General Fitness Foundation
22,164.8,107.8,39.7,Weightlifting,Novice,Muscle Gain,5,8.5,0,8,6,10,10,3,9,General Fitness Foundation
27,173.3,83.6,27.8,Boxing,Amateur,Strength,3,1.8,1,4,8,7,10,10,10,Explosive Punch Power
30,179.8,89.2,27.6,Football,Professional,General,6,1.0,1,5,5,5,6,3,9,General Fitness Foundation
45,162.9,101.7,38.3,Boxing,Novice,Strength,5,9.0,1,9,3,10,5,4,10,Explosive Punch Power
16,189.1,100.6,28.1,Boxing,Novice,Recovery,4,2.3,1,10,9,6,5,4,8,General Fitness Foundation
19,185.5,103.8,30.2,Basketball,Amateur,Muscle Gain,3,5.0,0,8,7,5,5,4,3,Vertical Jump Pro
43,178.4,98.2,30.9,Weightlifting,Novice,Flexibility,3,7.1,0,6,7,8,4,7,3,General Fitness Foundation
38,160.2,115.2,44.9,Weightlifting,Novice,Speed,5,3.7,0,3,10,5,8,7,9,General Fitness Foundation
19,178.8,60.2,18.8,Football,Professional,Flexibility,3,9.0,1,9,6,6,9,7,3,General Fitness Foundation
43,160.8,100.7,38.9,Boxing,Professional,Recovery,2,1.8,0,3,6,5,7,6,8,General Fitness Foundation
21,174.7,94.4,30.9,Weightlifting,Professional,Agility,2,7.6,0,10,3,5,6,8,9,General Fitness Foundation
19,164.9,78.2,28.8,Basketball,Amateur,Agility,3,7.5,1,5,9,9,3,6,10,General Fitness Foundation
48,160.8,79.3,30.7,Running,Professional,Agility,2,6.4,0,4,9,8,5,6,3,General Fitness Foundation
44,172.6,71.2,23.9,Running,Professional,Agility,2,9.4,0,7,5,10,3,8,8,General Fitness Foundation
41,180.5,113.1,34.7,Running,Novice,Recovery,5,0.9,1,3,9,7,7,8,5,General Fitness Foundation
22,172.1,60.1,20.3,Weightlifting,Novice,Endurance,3,3.9,1,6,3,4,10,9,4,General Fitness Foundation
33,164.4,89.2,33.0,Boxing,Professional,Speed,4,2.5,0,7,9,10,6,10,7,General Fitness Foundation
23,178.7,76.4,23.9,Basketball,Novice,Flexibility,4,6.1,1,10,4,6,8,3,9,Vertical Jump Pro
40,182.8,78.4,23.5,Basketball,Novice,General,3,2.6,0,5,8,6,3,6,9,General Fitness Foundation
49,183.5,72.5,21.5,Boxing,Novice,Recovery,6,9.6,0,4,6,7,10,6,3,General Fitness Foundation
35,163.2,85.9,32.3,Running,Professional,Endurance,3,9.6,1,6,5,5,9,9,8,General Fitness Foundation
16,176.3,106.0,34.1,Weightlifting,Novice,General,4,6.4,0,7,10,5,8,6,8,General Fitness Foundation
29,178.6,75.2,23.6,Running,Amateur,Flexibility,5,6.0,0,9,7,3,4,6,8,General Fitness Foundation
35,184.0,64.6,19.1,Basketball,Professional,Flexibility,2,0.0,0,8,4,8,8,6,10,General Fitness Foundation
20,161.8,105.8,40.4,Weightlifting,Novice,Muscle Gain,2,2.8,0,8,10,9,7,3,10,General Fitness Foundation
41,164.4,71.7,26.5,Weightlifting,Professional,Strength,4,8.1,1,10,6,6,4,5,10,General Fitness Foundation
35,165.0,76.7,28.2,Boxing,Amateur,Strength,6,2.3,0,4,10,7,6,6,8,Explosive Punch Power
50,164.5,72.6,26.8,Running,Novice,Recovery,2,3.5,1,3,7,9,3,6,3,General Fitness Foundation
34,169.0,111.8,39.1,Football,Novice,Speed,2,1.9,0,7,4,8,8,8,10,Speed Academy
46,171.5,113.4,38.6,Weightlifting,Novice,Speed,4,7.0,1,3,5,5,6,6,9,General Fitness Foundation
21,176.5,90.5,29.1,Football,Professional,Speed,6,7.1,0,9,9,5,8,10,5,Speed Academy
42,170.5,106.9,36.8,Football,Novice,Endurance,5,2.7,0,5,4,5,8,6,3,General Fitness Foundation
45,170.0,116.6,40.3,Basketball,Novice,Strength,6,4.1,1,8,5,7,3,10,9,General Fitness Foundation
47,168.8,62.2,21.8,Running,Novice,General,2,8.7,1,9,3,6,5,5,8,General Fitness Foundation
39,162.0,117.9,44.9,Basketball,Amateur,Endurance,2,0.8,0,4,7,8,9,3,8,Vertical Jump Pro
40,179.2,112.4,35.0,Boxing,Professional,Agility,2,9.1,0,8,3,3,3,6,3,General Fitness Foundation
44,168.9,62.5,21.9,Basketball,Professional,Recovery,6,0.4,0,4,5,8,7,7,3,General Fitness Foundation
34,183.5,81.4,24.2,Basketball,Novice,Power,4,2.9,1,6,6,10,3,6,8,Vertical Jump Pro
41,193.3,81.5,21.8,Running,Amateur,General,3,0.0,1,3,10,6,4,10,10,General Fitness Foundation
21,163.4,86.0,32.2,Weightlifting,Novice,Weight Loss,6,9.8,1,7,7,5,5,10,6,General Fitness Foundation
20,169.5,103.8,36.1,Running,Novice,Weight Loss,5,5.9,1,8,9,5,9,9,9,General Fitness Foundation
36,161.6,103.0,39.4,Weightlifting,Novice,Recovery,2,4.0,0,5,6,6,9,3,7,General Fitness Foundation
37,186.1,86.7,25.0,Running,Novice,Speed,3,3.1,0,8,3,10,3,3,5,General Fitness Foundation
34,166.6,94.5,34.0,Weightlifting,Novice,General,5,1.0,0,8,5,8,6,9,6,General Fitness Foundation
20,180.2,75.9,23.4,Basketball,Amateur,General,5,0.1,0,5,4,7,7,8,5,General Fitness Foundation
29,176.2,72.3,23.3,Weightlifting,Novice,Strength,6,1.1,0,9,8,3,9,10,3,General Fitness Foundation
20,166.3,99.6,36.0,Boxing,Novice,Muscle Gain,5,2.5,0,9,7,4,4,5,8,General Fitness Foundation
46,193.4,63.5,17.0,Weightlifting,Professional,Flexibility,3,0.1,1,7,5,7,3,7,7,General Fitness Foundation
49,168.0,91.6,32.5,Running,Amateur,Muscle Gain,4,4.5,0,9,9,5,7,4,3,General Fitness Foundation
17,167.1,100.3,35.9,Basketball,Novice,Weight Loss,5,0.4,0,6,3,10,5,8,7,General Fitness Foundation
48,162.8,117.6,44.4,Boxing,Amateur,Muscle Gain,4,6.7,0,8,6,10,5,9,5,General Fitness Foundation
44,188.1,85.3,24.1,Weightlifting,Amateur,Flexibility,2,2.7,1,8,10,3,5,5,4,General Fitness Foundation
18,164.4,118.8,44.0,Football,Amateur,Power,6,9.5,1,7,4,4,9,6,5,General Fitness Foundation
28,194.4,78.4,20.7,Football,Professional,Speed,3,4.5,1,5,8,8,3,10,7,Speed Academy
47,173.1,75.7,25.3,Boxing,Novice,Endurance,6,8.2,0,5,5,4,8,4,8,General Fitness Foundation
45,169.4,85.8,29.9,Football,Professional,Power,6,0.8,1,5,6,3,3,5,10,General Fitness Foundation
30,186.7,62.1,17.8,Boxing,Novice,Flexibility,2,6.7,1,9,9,3,9,10,10,General Fitness Foundation
38,167.4,116.8,41.7,Weightlifting,Amateur,Agility,3,8.1,0,3,5,8,9,8,10,General Fitness Foundation
46,172.7,75.2,25.2,Running,Professional,Power,3,5.7,1,10,8,10,6,8,7,General Fitness Foundation
36,164.4,91.3,33.8,Basketball,Professional,Power,6,3.1,1,6,8,7,8,4,10,Vertical Jump Pro
17,185.6,82.8,24.0,Boxing,Amateur,Speed,5,8.5,0,3,10,10,4,4,8,General Fitness Foundation
50,165.7,87.9,32.0,Basketball,Amateur,Muscle Gain,4,1.9,1,5,9,6,8,10,8,General Fitness Foundation
42,176.5,88.2,28.3,Football,Novice,Weight Loss,6,3.9,0,4,10,6,4,4,9,General Fitness Foundation
35,176.9,77.4,24.7,Football,Amateur,Muscle Gain,4,2.2,0,6,7,3,10,6,4,General Fitness Foundation
34,161.0,102.8,39.7,Football,Professional,Speed,6,2.0,1,6,9,7,10,9,7,Speed Academy
33,176.2,75.4,24.3,Boxing,Professional,Agility,6,7.3,1,3,4,6,7,5,3,General Fitness Foundation
41,167.5,101.2,36.1,Football,Amateur,Agility,5,5.0,1,6,5,10,4,8,4,Speed Academy
39,166.5,117.6,42.4,Running,Amateur,General,6,8.3,0,4,4,3,3,8,10,General Fitness Foundation
19,176.0,65.5,21.1,Boxing,Professional,Muscle Gain,4,7.2,1,4,10,5,10,8,5,General Fitness Foundation
25,190.5,74.1,20.4,Weightlifting,Novice,Weight Loss,5,0.5,1,4,9,10,7,9,8,General Fitness Foundation
17,181.1,65.0,19.8,Running,Novice,Agility,2,3.7,1,5,8,10,6,9,9,General Fitness Foundation
30,160.1,72.4,28.2,Running,Professional,Weight Loss,5,0.9,0,3,8,8,6,3,5,General Fitness Foundation
37,181.7,68.0,20.6,Basketball,Novice,Power,5,1.2,0,6,3,8,6,9,9,Vertical Jump Pro
26,167.7,91.6,32.6,Basketball,Novice,Recovery,6,7.4,1,4,9,3,4,6,9,General Fitness Foundation
49,170.2,107.5,37.1,Football,Novice,Agility,2,9.5,1,6,7,10,5,3,4,Speed Academy
25,180.2,103.4,31.8,Football,Professional,General,6,1.8,1,3,9,10,4,4,6,General Fitness Foundation
34,163.9,105.2,39.2,Basketball,Amateur,Muscle Gain,4,3.7,1,4,3,5,6,9,9,General Fitness Foundation
32,160.4,92.8,36.1,Running,Novice,Flexibility,5,9.7,0,8,3,9,3,8,3,General Fitness Foundation
24,189.4,94.6,26.4,Weightlifting,Amateur,Power,2,1.3,0,8,10,7,4,7,6,General Fitness Foundation
38,173.9,117.7,38.9,Football,Amateur,Agility,6,9.2,1,8,10,5,8,7,9,Speed Academy
50,172.5,96.6,32.5,Running,Novice,Speed,4,6.3,1,10,10,8,6,3,4,General Fitness Foundation
42,170.8,99.8,34.2,Running,Professional,Recovery,2,1.9,0,5,9,8,3,5,9,General Fitness Foundation
20,190.7,73.7,20.3,Weightlifting,Professional,Strength,2,0.5,1,7,10,10,6,9,8,General Fitness Foundation
31,166.5,74.6,26.9,Football,Amateur,Flexibility,6,6.8,1,6,3,5,9,9,7,General Fitness Foundation
50,194.5,60.1,15.9,Weightlifting,Novice,Agility,6,7.6,1,8,3,7,7,6,7,General Fitness Foundation
23,180.5,63.8,19.6,Football,Novice,Flexibility,4,8.5,0,3,5,10,5,6,8,General Fitness Foundation
24,161.9,91.4,34.9,Football,Professional,Agility,6,6.6,0,9,4,6,9,5,10,Speed Academy
29,185.4,101.5,29.5,Basketball,Professional,Strength,2,4.5,1,4,3,10,10,4,7,Vertical Jump Pro
27,187.1,78.8,22.5,Football,Professional,Endurance,4,8.9,1,3,6,8,8,3,10,General Fitness Foundation
23,169.6,114.6,39.8,Basketball,Novice,Weight Loss,2,9.4,1,8,10,7,5,9,10,General Fitness Foundation
18,188.3,85.7,24.2,Basketball,Novice,General,2,0.0,0,9,10,10,4,8,6,General Fitness Foundation
47,176.1,72.9,23.5,Running,Professional,Power,2,6.0,0,5,8,5,6,9,5,General Fitness Foundation
30,161.9,98.9,37.7,Basketball,Professional,Endurance,5,8.7,1,9,6,9,6,4,9,Vertical Jump Pro
41,163.9,75.9,28.3,Boxing,Professional,Recovery,4,0.3,1,8,4,3,7,3,9,General Fitness Foundation
18,163.8,60.5,22.5,Running,Novice,Muscle Gain,6,8.8,1,6,6,6,6,5,3,General Fitness Foundation
44,164.8,101.8,37.5,Boxing,Amateur,Speed,5,5.3,0,4,10,6,6,6,9,General Fitness Foundation
21,162.4,97.2,36.9,Running,Professional,Weight Loss,6,9.6,0,3,4,5,10,4,8,General Fitness Foundation
31,190.1,104.8,29.0,Running,Professional,Muscle Gain,4,1.7,0,4,5,9,7,3,4,General Fitness Foundation
33,170.9,79.8,27.3,Running,Amateur,Muscle Gain,4,6.9,1,10,7,6,3,7,10,General Fitness Foundation
19,173.9,107.9,35.7,Running,Professional,Weight Loss,6,0.4,0,5,6,5,6,9,9,General Fitness Foundation
24,164.4,106.0,39.2,Weightlifting,Novice,Muscle Gain,4,10.0,1,7,3,3,6,3,10,General Fitness Foundation
31,162.5,67.2,25.4,Football,Professional,Recovery,6,1.0,1,5,8,10,5,4,10,General Fitness Foundation
42,182.3,110.5,33.2,Running,Novice,Agility,2,2.0,1,7,6,9,5,7,4,General Fitness Foundation
48,192.7,109.2,29.4,Basketball,Professional,Endurance,2,6.1,0,7,6,10,7,5,6,Vertical Jump Pro
45,189.2,77.4,21.6,Running,Amateur,Muscle Gain,3,4.0,1,5,10,6,7,5,10,General Fitness Foundation
18,186.6,110.0,31.6,Football,Professional,Recovery,6,8.0,0,7,3,4,10,8,5,General Fitness Foundation
48,177.4,85.3,27.1,Weightlifting,Professional,Speed,4,6.4,1,6,8,6,5,7,4,General Fitness Foundation
48,192.1,106.8,28.9,Boxing,Amateur,Weight Loss,4,4.0,1,3,5,4,7,8,10,General Fitness Foundation
30,170.3,119.6,41.2,Weightlifting,Professional,Endurance,4,2.0,1,5,8,5,9,8,6,General Fitness Foundation
48,185.4,100.3,29.2,Boxing,Novice,Speed,5,8.9,0,6,3,7,8,7,8,General Fitness Foundation
35,179.3,79.3,24.7,Football,Amateur,Flexibility,5,4.2,0,6,5,5,9,4,5,General Fitness Foundation
48,189.7,87.1,24.2,Boxing,Novice,Endurance,3,0.3,0,10,7,6,9,4,10,General Fitness Foundation
16,164.5,72.1,26.6,Running,Professional,Endurance,3,6.8,1,3,5,9,3,5,8,General Fitness Foundation
26,185.3,92.8,27.0,Weightlifting,Amateur,Power,6,4.8,0,3,8,6,4,5,3,General Fitness Foundation
26,165.6,95.1,34.7,Boxing,Amateur,Recovery,2,4.5,1,4,5,5,8,7,8,General Fitness Foundation
42,163.4,117.0,43.8,Boxing,Professional,Weight Loss,5,4.4,1,8,8,5,10,10,7,General Fitness Foundation
16,163.4,75.5,28.3,Football,Amateur,Power,5,2.2,0,3,3,3,4,3,4,General Fitness Foundation
48,191.5,61.5,16.8,Football,Amateur,Power,6,6.0,0,9,9,8,8,9,4,General Fitness Foundation
47,163.5,85.4,31.9,Running,Amateur,Flexibility,6,6.8,1,6,4,9,3,5,3,General Fitness Foundation
45,178.8,101.9,31.9,Basketball,Amateur,Endurance,3,2.3,1,4,8,3,7,9,10,General Fitness Foundation
17,186.1,89.2,25.8,Boxing,Novice,Flexibility,2,6.4,0,8,6,6,10,8,9,General Fitness Foundation
41,165.7,97.5,35.5,Weightlifting,Amateur,Weight Loss,3,5.0,1,5,9,7,3,6,8,General Fitness Foundation
50,188.1,114.6,32.4,Running,Novice,Endurance,3,7.4,0,9,3,5,4,4,8,General Fitness Foundation
27,176.5,73.0,23.4,Boxing,Novice,General,4,9.6,1,3,4,6,7,7,10,General Fitness Foundation
50,181.5,70.5,21.4,Weightlifting,Novice,Agility,4,4.5,1,4,8,8,3,3,5,General Fitness Foundation
21,171.6,108.7,36.9,Basketball,Amateur,Recovery,6,4.2,0,10,3,9,6,7,7,General Fitness Foundation
24,172.7,109.3,36.6,Running,Professional,Recovery,3,4.8,0,10,5,3,8,10,3,General Fitness Foundation
38,171.0,62.1,21.2,Basketball,Novice,Agility,3,0.1,0,3,8,9,5,6,3,General Fitness Foundation
23,187.2,63.6,18.1,Football,Amateur,Agility,6,1.5,0,6,4,9,5,5,4,Speed Academy
42,165.3,70.4,25.8,Weightlifting,Amateur,Agility,4,7.2,1,10,7,5,9,9,7,General Fitness Foundation
43,176.0,68.7,22.2,Football,Professional,Muscle Gain,3,0.6,1,3,4,5,8,7,4,General Fitness Foundation
42,193.9,106.2,28.2,Boxing,Professional,Weight Loss,5,9.8,1,8,4,8,10,8,9,General Fitness Foundation
32,160.8,66.6,25.8,Weightlifting,Professional,Endurance,4,5.5,0,8,7,7,6,3,7,General Fitness Foundation
19,174.7,92.7,30.4,Basketball,Amateur,Muscle Gain,5,3.1,0,3,7,6,7,9,3,General Fitness Foundation
27,190.2,73.7,20.4,Boxing,Novice,Weight Loss,4,7.1,1,9,6,7,10,9,10,General Fitness Foundation
23,175.4,62.7,20.4,Football,Professional,Weight Loss,5,5.3,0,9,8,9,4,9,10,General Fitness Foundation
21,175.7,94.6,30.6,Basketball,Professional,Flexibility,5,2.7,0,8,3,6,10,3,6,Vertical Jump Pro
30,174.8,79.4,26.0,Basketball,Amateur,Recovery,4,2.4,0,10,9,8,8,8,3,General Fitness Foundation
43,187.6,100.4,28.5,Basketball,Professional,Strength,6,6.7,1,3,8,10,10,6,5,General Fitness Foundation
36,188.7,88.2,24.8,Basketball,Novice,Recovery,5,2.8,0,3,8,6,5,6,10,General Fitness Foundation
23,161.7,81.8,31.3,Running,Professional,Muscle Gain,3,0.3,1,8,9,8,4,10,4,General Fitness Foundation
35,191.6,90.9,24.8,Running,Novice,Speed,2,9.5,0,9,6,8,5,4,7,General Fitness Foundation
47,173.1,112.5,37.5,Running,Amateur,Agility,4,4.3,0,5,7,8,10,9,9,General Fitness Foundation
40,190.8,82.5,22.7,Boxing,Professional,Weight Loss,4,9.1,1,9,8,6,9,8,3,General Fitness Foundation
21,170.8,88.3,30.3,Running,Novice,Flexibility,4,9.6,1,3,9,4,8,4,4,General Fitness Foundation
40,170.3,72.2,24.9,Basketball,Novice,Agility,2,2.5,0,3,4,5,9,8,7,General Fitness Foundation
39,163.8,114.4,42.6,Basketball,Professional,Power,4,7.1,1,4,3,8,10,7,3,Vertical Jump Pro
41,184.5,62.8,18.4,Football,Novice,Agility,5,4.2,1,3,5,4,9,9,8,Speed Academy
18,176.3,74.0,23.8,Weightlifting,Professional,Weight Loss,6,7.0,0,9,6,10,10,10,6,General Fitness Foundation
36,167.3,116.4,41.6,Football,Amateur,Weight Loss,4,9.3,1,10,6,7,3,3,5,General Fitness Foundation
27,174.3,78.2,25.7,Football,Professional,Endurance,6,9.1,0,8,6,8,9,5,9,General Fitness Foundation
22,165.2,108.4,39.7,Running,Professional,General,4,5.4,1,6,3,10,4,5,6,General Fitness Foundation
19,168.3,73.0,25.8,Weightlifting,Novice,Weight Loss,4,2.4,1,10,10,7,10,4,3,General Fitness Foundation
24,170.7,61.1,21.0,Boxing,Novice,Flexibility,4,3.7,1,6,3,8,5,8,8,General Fitness Foundation
46,190.5,115.4,31.8,Weightlifting,Professional,Recovery,4,6.7,0,9,6,6,3,7,3,General Fitness Foundation
18,189.2,94.1,26.3,Football,Professional,Flexibility,5,3.5,1,7,6,6,9,3,3,General Fitness Foundation
39,174.9,73.9,24.2,Football,Amateur,Muscle Gain,4,1.5,0,5,5,10,3,3,5,General Fitness Foundation
44,169.9,85.7,29.7,Running,Novice,Recovery,4,3.4,1,6,8,4,9,7,5,General Fitness Foundation
23,187.1,72.1,20.6,Running,Professional,Agility,2,0.3,1,9,6,8,7,5,3,General Fitness Foundation
17,192.7,80.1,21.6,Running,Professional,Speed,3,1.1,0,3,6,9,9,3,9,General Fitness Foundation
33,181.8,61.3,18.5,Running,Amateur,Muscle Gain,6,2.9,1,9,4,8,9,5,6,General Fitness Foundation
29,176.1,70.9,22.9,Basketball,Novice,Agility,3,8.2,0,6,9,7,6,4,5,Vertical Jump Pro
28,176.5,80.0,25.7,Football,Professional,Speed,6,2.1,1,5,6,9,8,9,9,Speed Academy
24,169.7,76.5,26.6,Weightlifting,Professional,Agility,6,6.8,0,3,10,5,9,8,9,General Fitness Foundation
50,189.8,72.6,20.2,Weightlifting,Novice,Speed,6,5.9,1,3,6,3,9,6,10,General Fitness Foundation
50,177.4,70.1,22.3,Weightlifting,Professional,Strength,5,6.6,0,9,10,3,10,4,9,General Fitness Foundation
43,176.5,98.3,31.6,Weightlifting,Novice,Weight Loss,2,8.0,1,5,3,6,3,5,7,General Fitness Foundation
50,194.6,99.3,26.2,Football,Novice,Weight Loss,4,4.3,1,7,8,6,6,4,3,General Fitness Foundation
24,173.1,86.8,29.0,Football,Professional,Endurance,2,7.3,0,6,10,7,5,8,10,General Fitness Foundation
25,194.2,101.9,27.0,Weightlifting,Novice,Power,2,8.2,0,6,10,9,9,8,5,General Fitness Foundation
22,185.5,109.9,31.9,Football,Professional,Recovery,6,6.5,0,8,7,5,8,5,3,General Fitness Foundation
39,175.2,101.4,33.0,Football,Amateur,Muscle Gain,4,4.6,0,7,4,5,5,3,10,General Fitness Foundation
40,187.0,88.7,25.4,Boxing,Amateur,Power,5,1.7,1,6,8,9,6,5,7,Explosive Punch Power
25,163.4,103.1,38.6,Football,Amateur,Recovery,4,1.7,0,6,4,10,5,8,4,General Fitness Foundation
33,177.9,90.5,28.6,Weightlifting,Amateur,Weight Loss,2,5.0,0,9,8,9,5,8,6,General Fitness Foundation
38,179.8,67.1,20.8,Weightlifting,Novice,General,5,0.8,0,9,3,9,4,4,5,General Fitness Foundation
45,192.2,99.3,26.9,Football,Novice,Muscle Gain,6,4.3,0,8,5,3,4,8,4,General Fitness Foundation
41,166.5,90.9,32.8,Weightlifting,Professional,Endurance,5,9.0,1,6,7,3,3,7,3,General Fitness Foundation
32,181.2,62.9,19.2,Basketball,Amateur,Recovery,4,9.4,0,9,3,9,5,5,7,Vertical Jump Pro
23,186.4,118.2,34.0,Running,Professional,Agility,2,7.6,0,7,5,9,9,10,6,General Fitness Foundation
41,181.7,90.0,27.3,Boxing,Amateur,General,4,5.8,1,10,3,3,3,8,10,General Fitness Foundation
48,176.0,113.6,36.7,Football,Amateur,Power,3,4.7,1,10,6,3,8,7,6,General Fitness Foundation
35,180.6,111.2,34.1,Running,Professional,Power,5,2.9,1,7,5,10,4,10,10,General Fitness Foundation
20,169.7,76.7,26.6,Football,Amateur,Strength,2,9.6,1,9,6,3,9,5,8,General Fitness Foundation
39,177.9,113.3,35.8,Boxing,Professional,Power,2,0.3,0,6,4,4,3,9,4,Explosive Punch Power
18,192.0,86.6,23.5,Basketball,Professional,Muscle Gain,4,6.2,1,8,6,9,5,4,8,Vertical Jump Pro
29,188.3,103.2,29.1,Weightlifting,Amateur,Flexibility,2,1.5,0,3,7,3,5,7,4,General Fitness Foundation
28,160.3,95.4,37.1,Running,Novice,Flexibility,3,5.9,1,4,5,10,9,7,9,General Fitness Foundation
41,184.8,109.8,32.2,Running,Novice,Muscle Gain,3,4.5,0,8,6,5,4,4,6,General Fitness Foundation
35,164.0,77.5,28.8,Boxing,Amateur,Agility,5,4.8,1,5,5,10,5,8,9,General Fitness Foundation
21,179.7,107.3,33.2,Boxing,Amateur,Muscle Gain,5,3.8,1,6,7,8,9,9,10,General Fitness Foundation
17,188.3,109.4,30.9,Basketball,Novice,Power,2,9.0,0,7,4,8,8,5,8,Vertical Jump Pro
28,177.6,89.3,28.3,Football,Novice,General,2,5.1,0,4,6,4,5,9,3,General Fitness Foundation
31,190.4,117.3,32.4,Boxing,Novice,Recovery,5,7.4,0,3,7,5,10,5,8,General Fitness Foundation
43,190.9,112.3,30.8,Boxing,Novice,Flexibility,5,7.5,1,4,3,7,8,8,5,General Fitness Foundation
44,186.9,91.5,26.2,Football,Professional,Muscle Gain,2,5.9,0,6,5,3,10,5,6,General Fitness Foundation
45,163.3,85.1,31.9,Boxing,Professional,General,3,8.2,0,4,8,8,10,8,4,General Fitness Foundation
24,175.0,61.5,20.1,Boxing,Novice,Power,2,8.4,0,3,10,4,10,4,6,Explosive Punch Power
44,178.6,117.9,37.0,Running,Professional,Endurance,3,5.2,1,8,6,8,5,8,3,General Fitness Foundation
31,172.3,83.3,28.1,Boxing,Novice,Power,2,7.6,1,9,9,10,6,3,3,Explosive Punch Power
48,162.4,67.5,25.6,Weightlifting,Novice,Power,5,0.2,0,9,7,3,9,10,5,General Fitness Foundation
22,161.0,115.1,44.4,Running,Novice,Endurance,5,3.9,1,6,8,10,10,4,8,General Fitness Foundation
16,161.7,110.1,42.1,Basketball,Novice,Endurance,2,7.8,0,6,8,3,8,4,4,Vertical Jump Pro
26,164.8,93.4,34.4,Basketball,Novice,Weight Loss,3,6.1,0,9,8,8,6,10,7,General Fitness Foundation
17,188.5,79.1,22.3,Weightlifting,Novice,Muscle Gain,5,6.6,0,6,7,5,4,6,7,General Fitness Foundation
47,190.2,106.0,29.3,Boxing,Amateur,Flexibility,2,6.0,0,4,4,4,6,5,9,General Fitness Foundation
27,185.1,105.9,30.9,Boxing,Amateur,Agility,3,5.1,1,4,5,10,7,4,4,General Fitness Foundation
24,172.9,109.7,36.7,Weightlifting,Amateur,Recovery,4,2.6,0,8,8,3,10,8,3,General Fitness Foundation
45,167.3,79.9,28.5,Weightlifting,Professional,Strength,5,2.1,1,3,8,6,10,7,4,General Fitness Foundation
39,182.3,63.1,19.0,Boxing,Professional,General,6,3.8,1,7,6,10,6,10,3,General Fitness Foundation
31,179.5,102.9,31.9,Weightlifting,Amateur,Flexibility,3,5.7,1,9,7,3,6,6,6,General Fitness Foundation
30,191.3,86.8,23.7,Running,Amateur,Power,4,6.1,0,10,3,7,9,4,5,General Fitness Foundation
42,175.3,68.3,22.2,Weightlifting,Amateur,Agility,6,1.8,0,9,6,7,9,10,10,General Fitness Foundation
46,181.2,110.7,33.7,Running,Novice,Muscle Gain,2,8.2,0,4,5,9,7,6,7,General Fitness Foundation
36,177.4,72.8,23.1,Weightlifting,Professional,General,2,4.6,0,9,10,5,9,5,6,General Fitness Foundation
19,165.2,77.7,28.5,Basketball,Novice,Muscle Gain,4,3.6,0,10,10,6,8,9,8,General Fitness Foundation
45,175.9,97.3,31.4,Boxing,Novice,Flexibility,5,3.8,0,10,6,7,5,3,10,General Fitness Foundation
21,169.0,60.7,21.3,Basketball,Amateur,General,2,1.1,0,6,6,9,7,8,6,General Fitness Foundation
40,193.9,104.8,27.9,Basketball,Amateur,Power,2,2.4,1,8,10,6,4,3,4,Vertical Jump Pro
29,194.9,118.4,31.2,Football,Amateur,Recovery,4,7.3,1,9,3,6,4,7,6,General Fitness Foundation
21,166.7,76.4,27.5,Weightlifting,Professional,Muscle Gain,4,6.8,1,5,7,4,9,7,9,General Fitness Foundation
44,190.4,93.0,25.7,Boxing,Professional,Agility,3,6.4,0,5,6,3,3,7,8,General Fitness Foundation
41,192.7,90.3,24.3,Football,Professional,Flexibility,2,2.8,1,9,6,9,4,7,5,General Fitness Foundation
18,182.2,81.1,24.4,Basketball,Professional,Weight Loss,4,9.1,0,7,4,7,6,8,10,General Fitness Foundation
47,174.3,87.7,28.9,Basketball,Professional,Speed,4,9.4,0,3,5,6,8,7,4,General Fitness Foundation
43,186.1,72.1,20.8,Weightlifting,Novice,Flexibility,6,4.0,0,6,6,3,9,3,5,General Fitness Foundation
41,190.6,95.5,26.3,Weightlifting,Amateur,Flexibility,3,1.4,0,7,5,6,8,6,3,General Fitness Foundation
41,192.0,86.2,23.4,Basketball,Novice,Weight Loss,2,5.1,1,9,5,8,6,7,10,General Fitness Foundation
31,169.0,83.7,29.3,Running,Amateur,Strength,4,9.4,1,7,7,10,10,8,8,General Fitness Foundation
25,180.9,86.5,26.4,Boxing,Professional,Flexibility,4,5.2,1,9,10,10,10,8,9,General Fitness Foundation
31,164.5,76.6,28.3,Running,Professional,Power,6,3.4,0,7,4,6,4,9,8,General Fitness Foundation
19,168.4,81.2,28.6,Running,Novice,Recovery,3,8.5,0,7,10,3,6,10,10,General Fitness Foundation
25,174.1,113.4,37.4,Boxing,Amateur,Flexibility,2,3.1,0,5,6,7,10,9,5,General Fitness Foundation
25,173.3,66.9,22.3,Weightlifting,Professional,Strength,6,4.7,0,8,5,9,10,7,10,General Fitness Foundation
31,173.2,103.9,34.6,Running,Amateur,Agility,2,9.3,0,4,4,6,10,9,6,General Fitness Foundation
41,165.6,101.2,36.9,Football,Professional,Weight Loss,6,8.4,1,9,9,6,6,3,4,General Fitness Foundation
18,190.3,111.8,30.9,Football,Professional,Strength,3,4.0,1,10,6,7,7,10,10,General Fitness Foundation
32,186.3,99.5,28.7,Boxing,Professional,Recovery,6,6.0,0,10,10,7,9,10,8,General Fitness Foundation
50,192.4,103.8,28.0,Basketball,Professional,Weight Loss,3,3.8,1,7,7,5,5,5,5,Vertical Jump Pro
32,165.7,76.4,27.8,Football,Professional,General,3,9.0,0,6,3,10,6,5,6,General Fitness Foundation
16,165.2,81.0,29.7,Football,Amateur,Muscle Gain,2,0.1,1,8,10,4,5,5,5,General Fitness Foundation
35,192.2,113.5,30.7,Basketball,Novice,Speed,5,1.3,0,9,5,7,3,7,5,General Fitness Foundation
32,187.6,91.4,26.0,Running,Amateur,Recovery,6,2.4,0,8,7,5,8,10,5,General Fitness Foundation
17,189.6,67.1,18.7,Football,Professional,Muscle Gain,6,8.6,1,9,9,5,6,10,8,General Fitness Foundation
29,175.3,78.2,25.4,Basketball,Professional,Weight Loss,3,7.4,1,9,7,8,3,5,10,Vertical Jump Pro
27,180.4,99.3,30.5,Running,Professional,Recovery,4,4.9,0,5,4,7,9,8,4,General Fitness Foundation
50,168.7,110.6,38.9,Basketball,Amateur,Endurance,2,1.6,0,4,6,7,8,3,3,Vertical Jump Pro
22,192.4,75.9,20.5,Weightlifting,Amateur,Muscle Gain,3,0.5,1,5,6,4,6,9,10,General Fitness Foundation
27,190.1,83.0,23.0,Boxing,Amateur,Speed,2,3.5,1,9,4,3,3,7,8,General Fitness Foundation
28,169.7,112.6,39.1,Running,Amateur,Speed,3,7.5,1,5,8,8,5,6,4,General Fitness Foundation
45,174.2,119.2,39.3,Running,Amateur,Power,5,4.1,1,10,6,9,5,3,5,General Fitness Foundation
38,189.6,80.9,22.5,Boxing,Novice,General,4,7.0,1,8,7,5,7,7,7,General Fitness Foundation
46,170.0,86.5,29.9,Football,Amateur,Endurance,6,6.9,1,10,4,7,8,10,3,General Fitness Foundation
25,176.6,85.0,27.3,Football,Amateur,Endurance,3,5.7,0,9,4,5,5,4,10,General Fitness Foundation
35,183.8,64.0,18.9,Football,Professional,Flexibility,2,2.3,0,8,7,10,10,7,5,General Fitness Foundation
33,181.2,75.0,22.8,Running,Professional,Weight Loss,4,2.2,0,10,8,3,8,5,5,General Fitness Foundation
37,161.7,86.9,33.2,Running,Amateur,Endurance,4,1.6,0,4,6,6,8,10,9,General Fitness Foundation
32,174.3,71.0,23.4,Basketball,Amateur,Strength,6,0.2,0,6,10,4,4,7,5,General Fitness Foundation
47,179.9,113.2,35.0,Weightlifting,Novice,Power,6,8.8,1,7,7,9,7,3,5,General Fitness Foundation
50,173.2,79.8,26.6,Weightlifting,Professional,Muscle Gain,3,6.1,0,10,4,3,4,5,6,General Fitness Foundation
30,184.8,107.1,31.4,Running,Novice,Muscle Gain,2,9.2,1,4,5,6,4,3,7,General Fitness Foundation
23,177.2,108.6,34.6,Running,Novice,Agility,3,8.3,0,7,6,4,3,5,5,General Fitness Foundation
39,176.4,75.6,24.3,Weightlifting,Amateur,Weight Loss,5,4.6,1,5,7,9,8,4,6,General Fitness Foundation
30,169.2,76.8,26.8,Running,Amateur,Power,2,5.3,0,9,3,6,7,5,3,General Fitness Foundation
44,194.4,85.4,22.6,Weightlifting,Novice,Agility,4,8.8,0,3,10,3,10,4,5,General Fitness Foundation
44,160.3,72.2,28.1,Weightlifting,Professional,Endurance,4,6.8,0,7,5,7,5,6,6,General Fitness Foundation
27,190.2,85.6,23.7,Boxing,Novice,Muscle Gain,4,8.6,0,6,6,6,7,4,4,General Fitness Foundation
32,182.5,75.7,22.7,Boxing,Novice,Speed,3,4.2,1,5,4,9,9,7,8,General Fitness Foundation
40,165.4,97.2,35.5,Basketball,Amateur,General,2,9.4,1,7,4,9,4,4,3,Vertical Jump Pro
33,185.1,108.1,31.6,Football,Professional,General,2,3.2,1,7,5,8,9,6,3,General Fitness Foundation
48,189.6,111.2,30.9,Weightlifting,Professional,Flexibility,6,8.0,0,3,9,9,8,10,6,General Fitness Foundation
35,187.7,103.5,29.4,Running,Amateur,Recovery,4,7.3,0,7,3,5,3,4,3,General Fitness Foundation
45,194.0,97.6,25.9,Basketball,Novice,Muscle Gain,2,9.9,1,6,7,7,6,6,8,General Fitness Foundation
40,173.0,103.3,34.5,Weightlifting,Amateur,Agility,6,9.2,0,9,7,4,3,4,8,General Fitness Foundation
33,172.0,68.8,23.3,Boxing,Professional,General,6,2.9,1,5,5,5,9,6,6,General Fitness Foundation
27,175.0,72.3,23.6,Basketball,Amateur,Power,2,4.2,0,5,3,10,8,10,5,Vertical Jump Pro
17,167.1,67.1,24.0,Weightlifting,Amateur,Power,2,7.7,1,5,6,10,8,9,5,General Fitness Foundation
28,162.8,62.7,23.7,Basketball,Amateur,Agility,2,7.5,0,4,9,8,3,4,4,Vertical Jump Pro
42,183.7,83.9,24.9,Weightlifting,Novice,Flexibility,5,9.9,1,4,10,6,5,8,4,General Fitness Foundation
16,177.5,91.5,29.0,Weightlifting,Professional,Muscle Gain,3,4.6,1,7,7,8,8,6,7,General Fitness Foundation
26,171.6,90.3,30.7,Basketball,Novice,Power,5,6.6,0,8,6,7,3,9,6,Vertical Jump Pro
23,190.5,70.1,19.3,Basketball,Amateur,Agility,3,0.6,1,4,3,4,3,7,4,General Fitness Foundation
40,184.1,117.2,34.6,Football,Novice,General,5,2.7,0,7,10,3,3,5,7,General Fitness Foundation
38,176.6,67.2,21.5,Boxing,Professional,Muscle Gain,3,9.0,0,9,10,5,7,3,9,General Fitness Foundation
36,175.1,107.3,35.0,Weightlifting,Professional,Flexibility,4,2.6,1,10,10,8,3,6,7,General Fitness Foundation
45,172.0,75.4,25.5,Basketball,Amateur,General,6,3.8,1,8,5,3,3,6,7,General Fitness Foundation
24,163.4,99.1,37.1,Football,Novice,Power,2,7.4,0,9,8,5,5,5,3,General Fitness Foundation
33,190.1,65.6,18.2,Boxing,Professional,Agility,6,2.2,1,8,8,4,9,7,10,General Fitness Foundation
20,182.2,86.5,26.1,Running,Amateur,General,6,1.4,0,10,5,5,9,5,9,General Fitness Foundation
47,168.2,106.5,37.6,Weightlifting,Professional,Strength,5,9.1,1,4,7,6,7,8,5,General Fitness Foundation
23,190.0,96.4,26.7,Running,Professional,Power,2,4.2,0,9,3,7,5,3,6,General Fitness Foundation
35,188.0,111.5,31.5,Football,Novice,Agility,6,3.3,0,7,10,10,4,9,8,Speed Academy
16,185.8,62.9,18.2,Weightlifting,Amateur,Flexibility,4,3.0,0,6,6,9,5,8,10,General Fitness Foundation
30,188.3,119.0,33.6,Running,Amateur,Power,4,1.7,0,7,10,3,6,5,7,General Fitness Foundation
33,184.9,101.9,29.8,Boxing,Novice,Endurance,4,5.1,0,8,6,8,10,9,6,General Fitness Foundation
31,170.1,83.9,29.0,Weightlifting,Amateur,Agility,4,4.4,0,3,10,5,5,7,6,General Fitness Foundation
30,176.5,107.9,34.6,Boxing,Professional,Endurance,5,1.5,0,9,7,6,6,9,8,General Fitness Foundation
29,167.7,75.0,26.7,Running,Amateur,Muscle Gain,2,2.6,1,3,8,7,8,3,3,General Fitness Foundation
29,163.0,93.8,35.3,Running,Amateur,Weight Loss,5,2.4,0,6,4,4,3,10,8,General Fitness Foundation
34,190.4,115.4,31.8,Basketball,Professional,Weight Loss,5,9.4,0,4,5,7,5,3,10,Vertical Jump Pro
47,183.0,61.9,18.5,Basketball,Professional,Strength,3,0.8,1,4,6,10,3,8,6,General Fitness Foundation
32,190.0,117.6,32.6,Football,Novice,Endurance,5,10.0,0,3,7,8,7,3,5,General Fitness Foundation
29,191.6,66.4,18.1,Football,Professional,Strength,5,3.7,0,9,5,4,8,7,10,General Fitness Foundation
33,180.4,99.0,30.4,Basketball,Professional,Strength,2,6.4,0,4,9,3,3,6,3,General Fitness Foundation
42,164.7,61.7,22.7,Running,Amateur,Speed,6,6.6,0,9,3,8,8,7,4,General Fitness Foundation
17,171.4,68.4,23.3,Boxing,Professional,Recovery,3,4.1,0,10,6,9,3,5,3,General Fitness Foundation
26,168.3,98.4,34.7,Weightlifting,Amateur,Flexibility,5,2.3,1,7,10,6,5,4,8,General Fitness Foundation
49,173.8,91.2,30.2,Boxing,Novice,Power,2,0.9,1,10,9,8,9,10,4,Explosive Punch Power
30,175.6,65.4,21.2,Basketball,Amateur,Weight Loss,3,1.8,1,10,3,4,9,6,9,General Fitness Foundation
16,188.2,94.0,26.5,Football,Novice,General,4,9.4,1,10,8,7,4,5,7,General Fitness Foundation
20,173.6,64.8,21.5,Running,Amateur,Muscle Gain,5,4.1,1,8,4,9,5,10,3,General Fitness Foundation
40,192.5,118.3,31.9,Basketball,Professional,Muscle Gain,2,8.3,1,8,6,10,9,5,9,Vertical Jump Pro
27,178.4,68.6,21.6,Boxing,Professional,Agility,6,6.2,0,10,6,8,7,7,8,General Fitness Foundation
49,163.4,91.2,34.2,Basketball,Amateur,Recovery,3,6.8,0,7,6,9,6,8,5,General Fitness Foundation
50,194.5,106.2,28.1,Football,Professional,Strength,6,3.7,0,4,10,7,4,7,10,General Fitness Foundation
35,185.1,116.4,34.0,Running,Amateur,Weight Loss,4,6.2,1,6,6,9,3,6,10,General Fitness Foundation
33,178.8,92.5,28.9,Football,Professional,Power,4,9.6,1,5,3,3,4,5,8,General Fitness Foundation
49,174.3,65.4,21.5,Boxing,Novice,Strength,6,8.7,1,7,3,9,9,6,10,Explosive Punch Power
20,164.4,99.1,36.7,Basketball,Professional,General,4,7.6,0,9,6,8,7,5,9,Vertical Jump Pro
34,177.2,87.0,27.7,Boxing,Amateur,Weight Loss,5,7.5,0,10,10,7,4,3,3,General Fitness Foundation
34,172.2,101.3,34.2,Basketball,Professional,Recovery,4,6.4,0,6,6,4,9,8,6,General Fitness Foundation
38,175.4,117.5,38.2,Weightlifting,Novice,Strength,5,8.0,0,6,6,3,10,7,9,General Fitness Foundation
37,194.2,100.6,26.7,Basketball,Professional,Recovery,5,3.3,0,9,7,10,4,6,9,General Fitness Foundation
18,185.8,72.8,21.1,Football,Amateur,Endurance,3,1.2,1,5,9,4,10,6,6,General Fitness Foundation
48,161.6,86.0,32.9,Running,Novice,Weight Loss,3,0.7,0,6,7,10,6,6,10,General Fitness Foundation
31,172.0,87.2,29.5,Basketball,Novice,General,3,5.7,0,6,4,5,10,9,3,General Fitness Foundation
42,171.9,93.6,31.7,Basketball,Novice,Power,5,3.5,1,5,6,9,4,8,3,Vertical Jump Pro
48,186.6,63.9,18.4,Basketball,Amateur,Flexibility,3,1.7,1,9,3,7,5,6,9,General Fitness Foundation
16,188.3,107.7,30.4,Weightlifting,Professional,Speed,5,5.7,0,5,9,8,6,4,8,General Fitness Foundation
32,192.7,96.2,25.9,Boxing,Professional,Weight Loss,2,4.0,1,6,6,7,8,6,10,General Fitness Foundation
26,161.2,89.2,34.3,Basketball,Amateur,Flexibility,5,8.2,1,3,3,10,4,9,7,General Fitness Foundation
22,189.1,117.3,32.8,Weightlifting,Novice,Power,5,5.2,1,4,7,4,6,9,6,General Fitness Foundation
17,167.3,86.3,30.8,Basketball,Novice,Endurance,5,9.5,0,6,6,9,4,10,8,General Fitness Foundation
31,178.5,60.6,19.0,Basketball,Novice,General,2,4.2,1,6,9,3,8,9,7,General Fitness Foundation
33,176.1,105.8,34.1,Boxing,Novice,Flexibility,2,6.8,1,3,5,7,7,4,5,General Fitness Foundation
49,177.9,77.9,24.6,Boxing,Amateur,Recovery,5,5.9,1,9,8,4,10,5,9,General Fitness Foundation
29,168.3,117.6,41.5,Weightlifting,Novice,Flexibility,2,2.1,0,8,6,5,7,9,4,General Fitness Foundation
48,183.6,96.9,28.7,Football,Amateur,Muscle Gain,6,3.0,1,10,9,9,8,3,7,General Fitness Foundation
19,191.3,116.9,31.9,Basketball,Professional,General,5,0.8,0,3,5,5,9,10,8,General Fitness Foundation
50,176.7,113.3,36.3,Football,Novice,Speed,5,5.7,0,5,8,7,5,10,8,Speed Academy
29,177.8,93.1,29.5,Football,Novice,Power,5,2.6,0,6,4,10,8,5,4,General Fitness Foundation
22,174.7,104.3,34.2,Football,Amateur,Strength,2,4.6,1,6,10,7,6,4,3,General Fitness Foundation
50,191.7,65.8,17.9,Running,Novice,Muscle Gain,3,6.5,0,9,10,6,4,9,10,General Fitness Foundation
32,172.0,75.6,25.6,Basketball,Novice,Agility,2,1.3,1,10,4,9,6,3,9,Vertical Jump Pro
34,187.8,80.0,22.7,Basketball,Professional,Agility,6,5.3,1,7,8,5,9,5,8,Vertical Jump Pro
34,190.4,71.0,19.6,Football,Amateur,Endurance,5,8.2,0,8,6,5,9,5,8,General Fitness Foundation
39,189.3,85.9,24.0,Weightlifting,Professional,Flexibility,6,7.5,1,7,8,7,5,8,5,General Fitness Foundation
37,181.2,89.1,27.1,Football,Novice,Muscle Gain,4,7.4,0,9,8,4,10,5,5,General Fitness Foundation
21,185.3,91.6,26.7,Basketball,Amateur,Speed,2,5.2,0,8,3,8,6,8,5,General Fitness Foundation
45,181.9,84.7,25.6,Boxing,Professional,Muscle Gain,4,8.9,0,8,8,5,7,7,3,General Fitness Foundation
35,190.7,95.9,26.4,Weightlifting,Professional,Flexibility,4,3.0,0,9,8,5,7,3,9,General Fitness Foundation
16,172.3,115.1,38.8,Basketball,Novice,Power,5,0.9,0,3,6,7,3,6,4,Vertical Jump Pro
43,167.9,75.3,26.7,Football,Professional,Weight Loss,2,0.2,1,9,3,7,10,8,9,General Fitness Foundation
16,183.5,72.1,21.4,Boxing,Novice,General,5,0.5,0,7,7,6,5,4,5,General Fitness Foundation
17,183.5,98.6,29.3,Boxing,Amateur,Recovery,2,5.6,0,8,8,6,8,5,8,General Fitness Foundation
40,179.7,101.5,31.4,Boxing,Novice,Recovery,2,0.3,0,10,3,10,4,5,8,General Fitness Foundation
42,188.8,116.7,32.7,Basketball,Amateur,Power,3,6.7,1,10,7,6,6,9,8,Vertical Jump Pro
39,180.7,119.2,36.5,Basketball,Amateur,Agility,5,7.6,1,9,8,5,3,3,9,Vertical Jump Pro
28,174.5,110.3,36.2,Basketball,Professional,Weight Loss,2,0.2,0,6,4,5,6,7,10,General Fitness Foundation
31,186.1,99.0,28.6,Basketball,Amateur,Recovery,6,5.8,1,8,9,5,10,8,7,General Fitness Foundation
29,163.0,79.9,30.1,Running,Amateur,Recovery,2,8.3,0,7,5,5,5,6,3,General Fitness Foundation
17,187.0,64.7,18.5,Weightlifting,Novice,Power,2,2.3,1,5,6,7,5,7,6,General Fitness Foundation
47,184.6,75.8,22.2,Football,Novice,Weight Loss,6,1.4,1,7,8,10,10,5,7,General Fitness Foundation
24,164.8,82.1,30.2,Boxing,Novice,Flexibility,2,3.8,0,9,5,4,6,8,6,General Fitness Foundation
27,171.1,69.8,23.8,Weightlifting,Amateur,General,2,6.6,0,5,10,6,8,3,7,General Fitness Foundation
39,170.5,114.0,39.2,Boxing,Professional,Muscle Gain,5,3.4,1,9,7,4,4,7,6,General Fitness Foundation
29,183.9,84.2,24.9,Football,Professional,Recovery,4,4.7,0,7,4,3,4,8,9,General Fitness Foundation
17,178.6,108.3,34.0,Boxing,Novice,Speed,4,1.8,1,8,9,4,10,9,9,General Fitness Foundation
49,173.4,108.3,36.0,Football,Professional,General,3,2.1,0,6,3,6,3,3,10,General Fitness Foundation
40,188.0,94.5,26.7,Weightlifting,Novice,Endurance,3,3.7,0,7,5,7,5,7,6,General Fitness Foundation
39,181.9,113.2,34.2,Boxing,Novice,Power,2,8.6,0,9,6,8,9,6,5,Explosive Punch Power
18,176.3,80.8,26.0,Boxing,Novice,General,6,0.1,1,10,6,3,9,5,5,General Fitness Foundation
44,194.9,66.3,17.5,Boxing,Novice,Recovery,3,1.4,0,9,3,6,3,4,9,General Fitness Foundation
33,185.8,95.6,27.7,Running,Novice,Recovery,5,4.5,1,3,9,7,6,9,9,General Fitness Foundation
19,176.7,72.4,23.2,Running,Amateur,Flexibility,5,6.9,0,10,10,10,5,3,9,General Fitness Foundation
23,175.7,67.4,21.8,Boxing,Amateur,Weight Loss,6,4.1,0,10,3,3,3,10,5,General Fitness Foundation
41,178.9,61.1,19.1,Basketball,Novice,General,2,3.2,1,10,4,3,6,6,6,General Fitness Foundation
44,161.6,68.7,26.3,Basketball,Amateur,Muscle Gain,5,9.1,0,6,6,9,3,9,6,General Fitness Foundation
31,182.0,94.3,28.5,Boxing,Novice,Agility,6,0.1,0,7,10,8,3,7,7,General Fitness Foundation
21,169.5,108.6,37.8,Running,Novice,General,6,6.8,1,10,6,9,10,8,10,General Fitness Foundation
33,185.2,74.0,21.6,Weightlifting,Novice,Agility,4,6.7,0,10,8,8,10,7,6,General Fitness Foundation
34,182.2,74.6,22.5,Weightlifting,Professional,Speed,3,3.7,0,5,5,5,8,7,8,General Fitness Foundation
48,187.1,113.4,32.4,Running,Novice,Speed,6,8.5,0,10,4,10,5,4,6,General Fitness Foundation
27,180.0,83.2,25.7,Running,Amateur,Recovery,6,5.7,0,9,6,7,3,5,4,General Fitness Foundation
24,169.5,73.9,25.7,Boxing,Professional,Agility,5,2.2,0,5,7,6,9,6,7,General Fitness Foundation
34,169.0,61.0,21.4,Weightlifting,Novice,Speed,5,3.4,1,5,10,5,5,9,5,General Fitness Foundation
29,167.3,91.5,32.7,Football,Professional,General,6,1.4,0,6,5,6,10,6,7,General Fitness Foundation
29,169.0,109.8,38.4,Weightlifting,Novice,Endurance,5,7.5,1,7,8,9,10,10,8,General Fitness Foundation
24,186.1,114.0,32.9,Weightlifting,Professional,Strength,2,7.8,0,10,9,4,10,5,3,General Fitness Foundation
17,171.9,95.9,32.5,Basketball,Novice,Strength,3,9.3,0,5,9,5,9,3,5,Vertical Jump Pro
24,183.8,86.5,25.6,Weightlifting,Amateur,Power,2,2.5,1,5,6,6,9,4,5,General Fitness Foundation
45,181.8,86.8,26.3,Boxing,Professional,Power,6,1.4,0,8,5,4,8,10,4,Explosive Punch Power
35,180.1,109.6,33.8,Running,Professional,Strength,2,0.1,0,4,7,6,10,3,4,General Fitness Foundation
39,160.6,67.9,26.3,Basketball,Amateur,Muscle Gain,4,6.1,0,7,9,8,8,6,4,General Fitness Foundation
26,185.2,65.7,19.2,Football,Novice,Muscle Gain,3,4.6,1,7,3,4,10,7,4,General Fitness Foundation
19,184.8,74.7,21.9,Football,Professional,Muscle Gain,2,0.6,1,5,3,9,4,4,4,General Fitness Foundation
20,167.9,67.9,24.1,Basketball,Professional,Recovery,6,4.6,1,6,3,5,8,3,7,Vertical Jump Pro
31,183.8,62.8,18.6,Football,Amateur,Strength,3,2.0,0,3,10,3,6,4,3,General Fitness Foundation
46,192.6,96.0,25.9,Basketball,Novice,Recovery,5,3.2,1,8,3,9,9,4,6,Vertical Jump Pro
34,178.4,66.2,20.8,Running,Professional,General,2,2.3,1,9,7,4,7,6,10,General Fitness Foundation
23,173.0,89.3,29.8,Running,Novice,Muscle Gain,5,0.5,1,7,6,5,7,9,6,General Fitness Foundation
48,163.5,101.5,38.0,Running,Novice,Strength,5,9.0,1,7,8,3,4,9,3,General Fitness Foundation
18,168.2,111.8,39.5,Basketball,Amateur,Strength,5,0.2,0,8,9,7,6,3,7,Vertical Jump Pro
45,192.3,89.0,24.1,Boxing,Novice,Weight Loss,3,4.9,0,4,7,6,6,7,7,General Fitness Foundation
32,184.6,96.1,28.2,Boxing,Novice,Strength,3,9.7,0,10,6,4,9,8,9,Explosive Punch Power
26,165.6,69.6,25.4,Boxing,Professional,Agility,2,4.9,0,10,6,3,9,6,4,General Fitness Foundation
34,176.8,76.2,24.4,Boxing,Amateur,General,2,9.1,0,10,8,9,8,7,8,General Fitness Foundation
23,165.7,95.9,34.9,Weightlifting,Professional,Weight Loss,6,6.2,1,8,9,3,7,8,10,General Fitness Foundation
30,170.2,95.8,33.1,Weightlifting,Amateur,Speed,4,0.7,1,5,8,10,5,7,5,General Fitness Foundation
37,186.1,72.4,20.9,Weightlifting,Professional,Endurance,3,6.5,0,4,9,4,8,9,4,General Fitness Foundation
50,166.1,100.8,36.5,Football,Professional,Strength,4,5.0,1,10,4,8,4,10,7,General Fitness Foundation
21,193.9,117.6,31.3,Weightlifting,Amateur,Flexibility,3,7.1,1,10,9,8,5,3,5,General Fitness Foundation
41,172.8,74.8,25.1,Running,Novice,Power,4,9.1,0,9,3,4,9,8,9,General Fitness Foundation
34,189.1,84.3,23.6,Weightlifting,Amateur,General,6,5.4,0,9,5,9,6,4,8,General Fitness Foundation
39,163.8,75.6,28.2,Weightlifting,Novice,Agility,3,0.4,0,7,4,7,7,4,8,General Fitness Foundation
41,193.6,64.0,17.1,Weightlifting,Professional,Power,2,0.7,1,7,10,8,10,4,3,General Fitness Foundation
40,174.5,64.3,21.1,Boxing,Novice,Flexibility,3,0.3,1,3,10,10,8,3,7,General Fitness Foundation
20,186.4,84.6,24.3,Weightlifting,Professional,General,5,2.0,1,3,8,4,10,10,7,General Fitness Foundation
35,179.7,103.2,32.0,Football,Amateur,Strength,5,7.9,1,9,8,4,4,4,4,General Fitness Foundation
35,163.8,76.3,28.4,Boxing,Amateur,Strength,6,3.2,0,6,9,8,4,3,10,Explosive Punch Power
29,174.0,68.1,22.5,Weightlifting,Professional,Strength,6,3.6,1,5,8,3,8,5,5,General Fitness Foundation
22,169.9,68.6,23.8,Boxing,Amateur,Agility,3,3.9,1,7,10,10,5,4,5,General Fitness Foundation
42,177.4,95.0,30.2,Football,Novice,Agility,5,2.7,1,4,10,5,6,8,8,Speed Academy
21,188.9,108.2,30.3,Running,Amateur,Agility,2,9.4,1,3,7,9,3,6,5,General Fitness Foundation
32,194.0,107.2,28.5,Basketball,Professional,Flexibility,3,2.7,0,7,7,7,6,8,7,General Fitness Foundation
28,186.7,105.8,30.4,Running,Amateur,Agility,6,0.1,0,10,10,5,10,10,5,General Fitness Foundation
46,162.8,104.5,39.4,Basketball,Professional,Flexibility,4,5.9,0,5,5,10,4,8,10,General Fitness Foundation
41,161.8,91.3,34.9,Boxing,Amateur,General,3,2.5,0,8,8,6,7,6,10,General Fitness Foundation
30,182.7,112.8,33.8,Basketball,Novice,Muscle Gain,2,9.8,1,10,6,10,9,3,7,Vertical Jump Pro
34,164.5,71.8,26.5,Football,Professional,Endurance,5,6.2,0,9,4,6,10,7,8,General Fitness Foundation
16,164.2,96.2,35.7,Weightlifting,Novice,Flexibility,5,6.8,0,3,8,7,5,7,9,General Fitness Foundation
29,171.2,94.2,32.1,Football,Novice,Speed,5,8.7,0,8,3,6,7,4,10,Speed Academy
38,162.8,73.4,27.7,Basketball,Amateur,Endurance,3,7.7,1,6,8,5,7,4,10,Vertical Jump Pro
41,173.6,111.6,37.0,Weightlifting,Professional,Recovery,3,4.9,1,6,6,8,8,6,9,General Fitness Foundation
23,179.1,110.9,34.6,Football,Amateur,Speed,3,2.7,1,9,8,7,3,5,8,Speed Academy
29,173.3,102.4,34.1,Basketball,Professional,Weight Loss,3,4.3,1,3,10,4,4,9,10,General Fitness Foundation
34,181.5,112.8,34.2,Football,Amateur,Agility,2,3.4,1,10,3,5,7,7,3,Speed Academy
22,162.2,72.0,27.4,Weightlifting,Novice,Muscle Gain,3,2.8,0,7,9,9,7,8,5,General Fitness Foundation
21,176.4,79.0,25.4,Boxing,Novice,Weight Loss,2,5.2,0,9,10,4,9,5,5,General Fitness Foundation
35,194.1,79.0,21.0,Boxing,Novice,Speed,3,9.3,0,6,9,10,6,8,7,General Fitness Foundation
20,167.0,80.2,28.8,Basketball,Amateur,Endurance,3,7.8,0,6,6,6,6,5,8,Vertical Jump Pro
21,162.9,82.5,31.1,Basketball,Novice,Recovery,6,3.7,1,7,10,5,7,4,10,Vertical Jump Pro
22,185.7,100.1,29.0,Running,Amateur,Endurance,3,2.1,1,4,4,7,3,4,8,General Fitness Foundation
27,183.7,73.7,21.8,Basketball,Novice,Agility,3,9.5,1,3,5,10,10,9,8,General Fitness Foundation
27,164.0,78.4,29.1,Boxing,Amateur,Power,2,0.7,0,3,3,10,8,6,7,Explosive Punch Power
26,165.4,80.4,29.4,Weightlifting,Amateur,Flexibility,5,4.3,1,8,8,8,4,6,9,General Fitness Foundation
48,193.6,106.8,28.5,Weightlifting,Professional,Agility,4,3.2,0,10,3,3,9,4,7,General Fitness Foundation
21,183.9,111.9,33.1,Basketball,Amateur,Flexibility,3,5.1,1,8,10,4,9,4,3,Vertical Jump Pro
22,174.2,84.1,27.7,Football,Amateur,Power,5,2.5,1,5,4,5,10,6,10,General Fitness Foundation
41,186.3,71.9,20.7,Running,Novice,General,6,2.2,1,4,8,7,4,6,3,General Fitness Foundation
27,193.7,72.8,19.4,Basketball,Novice,Recovery,2,0.9,1,4,4,7,8,3,3,Vertical Jump Pro
38,164.2,64.2,23.8,Basketball,Novice,Speed,5,3.5,1,5,10,3,4,4,3,Vertical Jump Pro
34,194.4,105.9,28.0,Basketball,Novice,Flexibility,5,3.6,1,10,5,3,10,3,5,Vertical Jump Pro
17,184.2,69.8,20.6,Football,Professional,Flexibility,5,0.0,1,5,10,7,10,7,9,General Fitness Foundation
39,194.5,118.5,31.3,Basketball,Amateur,Strength,3,6.8,0,7,6,10,4,5,3,Vertical Jump Pro
45,191.8,103.9,28.2,Running,Professional,Strength,2,8.8,0,3,8,6,9,10,7,General Fitness Foundation
32,186.4,72.2,20.8,Basketball,Professional,Flexibility,4,2.7,0,9,3,4,8,3,5,Vertical Jump Pro
46,183.5,65.7,19.5,Football,Novice,Muscle Gain,2,4.1,0,9,6,8,9,9,3,General Fitness Foundation
25,175.5,92.9,30.2,Weightlifting,Professional,Agility,6,6.7,1,9,9,3,4,10,3,General Fitness Foundation
43,184.2,96.6,28.5,Football,Professional,Flexibility,3,8.2,0,7,9,7,4,4,10,General Fitness Foundation
24,180.0,78.8,24.3,Football,Novice,Speed,2,9.0,1,9,3,9,10,5,9,Speed Academy
16,160.8,116.0,44.9,Boxing,Amateur,Power,4,4.4,0,5,8,6,3,6,5,Explosive Punch Power
17,172.0,113.5,38.4,Basketball,Professional,Weight Loss,5,9.1,1,3,7,6,8,5,5,Vertical Jump Pro
38,175.2,97.5,31.8,Football,Novice,Power,3,0.1,1,4,6,6,6,8,5,General Fitness Foundation
21,163.4,72.5,27.2,Football,Professional,Recovery,4,8.4,1,4,4,4,4,9,3,General Fitness Foundation
42,172.1,77.9,26.3,Running,Novice,Strength,5,7.8,0,3,6,10,4,7,4,General Fitness Foundation
20,166.2,104.1,37.7,Basketball,Professional,Recovery,2,0.3,1,6,9,4,9,8,5,General Fitness Foundation
27,173.3,63.2,21.0,Weightlifting,Amateur,Recovery,4,3.6,1,8,7,6,4,8,8,General Fitness Foundation
22,167.1,118.1,42.3,Boxing,Professional,Weight Loss,2,7.8,0,4,8,7,3,8,6,General Fitness Foundation
32,176.1,107.4,34.6,Football,Novice,Agility,3,6.0,0,9,7,3,6,9,7,Speed Academy
42,188.2,85.1,24.0,Running,Amateur,Muscle Gain,5,3.7,1,4,10,8,3,4,5,General Fitness Foundation
24,181.1,71.9,21.9,Weightlifting,Novice,Weight Loss,3,8.0,0,10,8,9,4,9,6,General Fitness Foundation
49,175.6,98.4,31.9,Basketball,Professional,Strength,3,7.2,0,6,5,3,5,7,7,General Fitness Foundation
45,161.9,100.4,38.3,Weightlifting,Amateur,General,3,1.6,0,9,5,4,7,7,10,General Fitness Foundation
17,190.4,73.1,20.2,Weightlifting,Amateur,Muscle Gain,5,3.9,1,5,8,8,7,7,7,General Fitness Foundation
40,167.0,115.1,41.3,Weightlifting,Professional,Endurance,4,9.3,1,8,3,7,7,8,10,General Fitness Foundation
18,184.4,112.6,33.1,Running,Amateur,Strength,3,4.0,1,3,10,3,6,8,7,General Fitness Foundation
32,185.6,100.5,29.2,Weightlifting,Novice,Speed,4,3.4,0,8,5,8,5,8,6,General Fitness Foundation
25,170.1,66.3,22.9,Football,Professional,Speed,3,2.8,1,8,3,4,4,4,4,Speed Academy
32,184.7,93.0,27.3,Boxing,Amateur,Weight Loss,3,0.1,0,7,5,3,9,8,7,General Fitness Foundation
23,193.5,89.1,23.8,Running,Professional,Strength,5,1.6,0,3,6,3,8,7,3,General Fitness Foundation
50,180.3,114.0,35.1,Football,Novice,Weight Loss,2,0.9,0,10,5,5,6,10,10,General Fitness Foundation
18,168.6,91.0,32.0,Football,Amateur,Strength,4,4.0,0,3,9,5,9,6,9,General Fitness Foundation
37,162.5,85.0,32.2,Boxing,Amateur,Flexibility,3,9.0,1,5,3,9,10,3,9,General Fitness Foundation
31,167.7,90.8,32.3,Boxing,Professional,Agility,4,2.1,1,7,5,5,4,4,9,General Fitness Foundation
44,183.5,118.5,35.2,Basketball,Amateur,General,2,4.8,0,5,3,3,4,9,4,General Fitness Foundation
34,187.4,68.2,19.4,Boxing,Professional,Speed,2,3.7,0,7,6,4,3,4,3,General Fitness Foundation
25,165.9,60.3,21.9,Boxing,Novice,Speed,2,4.6,0,9,5,7,9,10,9,General Fitness Foundation
23,194.0,91.8,24.4,Football,Amateur,Agility,5,4.2,1,5,7,8,6,3,9,Speed Academy
25,191.9,110.4,30.0,Basketball,Professional,Weight Loss,3,1.0,0,10,8,4,6,8,10,General Fitness Foundation
19,182.1,116.9,35.3,Basketball,Novice,General,3,2.8,0,8,8,10,8,9,9,General Fitness Foundation
41,181.3,68.5,20.8,Running,Novice,Flexibility,5,1.1,0,9,3,9,9,9,4,General Fitness Foundation
48,183.8,92.3,27.3,Running,Professional,Speed,4,4.4,0,7,3,8,6,3,6,General Fitness Foundation
16,179.1,82.8,25.8,Football,Novice,Muscle Gain,4,7.3,0,3,5,8,7,3,5,General Fitness Foundation
36,190.2,83.5,23.1,Football,Amateur,Weight Loss,4,2.3,1,9,9,7,7,9,3,General Fitness Foundation
31,165.3,113.9,41.7,Basketball,Amateur,Flexibility,4,8.1,1,7,4,4,10,7,10,General Fitness Foundation
39,184.9,104.3,30.5,Football,Professional,Agility,3,9.4,1,6,3,6,6,9,10,Speed Academy
16,172.0,64.8,21.9,Boxing,Novice,Muscle Gain,2,2.3,1,3,6,8,4,5,10,General Fitness Foundation
32,177.3,112.6,35.8,Basketball,Novice,Weight Loss,5,1.1,0,5,10,9,5,9,3,General Fitness Foundation
33,193.5,65.4,17.5,Football,Amateur,Weight Loss,6,9.2,1,4,8,10,10,9,10,General Fitness Foundation
32,171.6,102.7,34.9,Football,Amateur,Power,4,3.8,0,7,10,3,7,3,4,General Fitness Foundation
50,182.7,68.4,20.5,Weightlifting,Amateur,Recovery,3,0.5,0,7,4,7,5,9,6,General Fitness Foundation
33,177.1,109.2,34.8,Basketball,Professional,Recovery,2,2.8,0,8,9,7,4,10,6,General Fitness Foundation
28,171.3,108.9,37.1,Football,Professional,Muscle Gain,5,0.0,0,10,4,9,5,3,5,General Fitness Foundation
48,164.2,116.0,43.0,Boxing,Amateur,General,3,5.5,1,4,5,10,4,10,4,General Fitness Foundation
31,187.6,81.4,23.1,Weightlifting,Novice,Power,2,2.7,1,3,5,7,8,5,9,General Fitness Foundation
42,165.1,90.0,33.0,Weightlifting,Novice,Flexibility,4,4.9,0,6,5,5,7,4,4,General Fitness Foundation
39,193.1,115.7,31.0,Basketball,Amateur,Endurance,4,7.0,0,5,10,4,8,6,9,General Fitness Foundation
32,168.9,115.2,40.4,Boxing,Professional,Endurance,6,6.7,0,5,3,3,9,10,9,General Fitness Foundation
26,168.6,88.9,31.3,Running,Novice,Power,3,1.1,0,4,8,3,7,7,6,General Fitness Foundation
26,169.5,67.0,23.3,Boxing,Amateur,Power,4,3.4,0,9,4,8,6,6,8,Explosive Punch Power
41,168.4,94.4,33.3,Running,Novice,Speed,4,9.7,1,4,6,6,5,5,7,General Fitness Foundation
19,163.3,101.4,38.0,Boxing,Amateur,Flexibility,5,3.9,1,4,4,3,3,8,8,General Fitness Foundation
25,165.0,61.5,22.6,Weightlifting,Professional,General,3,5.3,0,8,3,5,10,4,10,General Fitness Foundation
25,172.4,83.6,28.1,Boxing,Amateur,Strength,5,6.8,0,5,7,7,8,6,9,Explosive Punch Power
46,182.1,78.4,23.6,Football,Amateur,Weight Loss,5,9.3,1,5,6,5,8,10,6,General Fitness Foundation
22,176.5,76.9,24.7,Boxing,Amateur,General,4,2.6,0,9,9,6,7,6,6,General Fitness Foundation
43,193.1,79.8,21.4,Boxing,Professional,Muscle Gain,4,2.0,1,7,9,5,7,4,4,General Fitness Foundation
42,194.6,78.3,20.7,Running,Professional,General,2,0.8,1,9,3,8,3,7,4,General Fitness Foundation
29,191.6,77.2,21.0,Weightlifting,Professional,Speed,5,6.9,0,5,7,4,4,3,10,General Fitness Foundation
39,187.7,96.3,27.3,Boxing,Novice,Power,4,5.0,1,6,5,9,4,5,9,Explosive Punch Power
17,193.0,111.3,29.9,Basketball,Novice,Strength,3,2.4,0,6,9,7,4,7,10,General Fitness Foundation
36,183.5,75.0,22.3,Boxing,Professional,Strength,5,7.0,0,3,4,9,7,10,8,Explosive Punch Power
17,170.6,60.8,20.9,Weightlifting,Amateur,Recovery,3,3.8,1,10,3,9,8,3,10,General Fitness Foundation
25,168.6,67.3,23.7,Running,Novice,General,6,3.0,1,3,10,9,7,7,9,General Fitness Foundation
43,161.7,90.8,34.7,Basketball,Amateur,Flexibility,3,6.4,1,7,8,6,6,6,10,General Fitness Foundation
33,180.6,97.9,30.0,Boxing,Novice,Flexibility,6,3.0,1,6,7,8,3,6,6,General Fitness Foundation
41,160.2,80.7,31.4,Basketball,Novice,Muscle Gain,4,5.9,1,4,5,10,4,3,10,Vertical Jump Pro
46,163.6,60.5,22.6,Weightlifting,Professional,Power,3,8.5,1,4,3,4,4,9,3,General Fitness Foundation
36,163.8,98.9,36.9,Football,Amateur,Recovery,3,2.8,0,4,8,3,9,6,8,General Fitness Foundation
24,180.9,68.5,20.9,Football,Amateur,Endurance,2,8.9,1,10,3,9,5,6,3,General Fitness Foundation
43,193.0,72.0,19.3,Basketball,Amateur,Speed,2,5.0,0,10,4,9,4,10,8,General Fitness Foundation
45,178.0,65.4,20.6,Weightlifting,Amateur,Weight Loss,2,0.3,0,8,10,6,4,7,3,General Fitness Foundation
23,192.5,75.8,20.5,Weightlifting,Amateur,Power,3,3.9,0,5,4,8,10,6,3,General Fitness Foundation
37,192.4,65.2,17.6,Boxing,Amateur,Weight Loss,3,8.6,0,9,7,9,3,7,3,General Fitness Foundation
22,188.5,81.2,22.9,Running,Amateur,General,5,1.0,0,7,5,10,6,3,4,General Fitness Foundation
27,179.8,71.8,22.2,Running,Professional,Speed,6,8.6,0,7,5,7,7,9,10,General Fitness Foundation
29,169.1,98.9,34.6,Football,Novice,General,6,7.5,0,5,7,9,10,8,10,General Fitness Foundation
42,189.1,81.3,22.7,Running,Amateur,Weight Loss,6,7.7,1,3,5,6,3,10,7,General Fitness Foundation
41,165.9,79.4,28.8,Boxing,Novice,Power,2,7.6,0,7,10,10,4,4,9,Explosive Punch Power
50,167.1,67.4,24.1,Boxing,Novice,Muscle Gain,4,7.3,0,6,8,8,4,4,8,General Fitness Foundation
35,179.0,106.9,33.4,Boxing,Professional,Recovery,3,3.3,0,8,9,6,8,4,5,General Fitness Foundation
44,172.7,74.4,24.9,Football,Novice,Speed,4,9.9,0,10,9,10,6,5,10,Speed Academy
48,181.2,107.0,32.6,Boxing,Amateur,Power,5,9.1,0,5,5,6,7,4,7,Explosive Punch Power
48,178.6,97.3,30.5,Football,Professional,Endurance,2,8.2,1,3,4,4,3,8,7,General Fitness Foundation
33,160.9,109.5,42.3,Boxing,Amateur,Strength,4,2.5,0,7,4,3,3,6,9,Explosive Punch Power
38,184.2,99.6,29.4,Weightlifting,Professional,Agility,5,8.6,0,9,9,6,5,6,6,General Fitness Foundation
22,167.6,86.5,30.8,Football,Amateur,General,5,5.2,0,5,3,5,5,5,8,General Fitness Foundation
30,193.8,76.2,20.3,Weightlifting,Professional,Recovery,3,7.2,1,3,9,6,9,5,4,General Fitness Foundation
50,190.4,82.7,22.8,Boxing,Novice,Weight Loss,2,1.2,1,3,7,3,8,6,6,General Fitness Foundation
17,181.2,81.1,24.7,Running,Novice,Recovery,4,0.4,0,6,6,3,7,10,5,General Fitness Foundation
33,188.5,83.4,23.5,Football,Professional,Weight Loss,6,4.0,1,9,6,7,10,6,3,General Fitness Foundation
34,180.6,80.4,24.7,Basketball,Novice,Flexibility,5,4.0,1,10,8,8,9,6,10,General Fitness Foundation
36,168.9,74.1,26.0,Boxing,Professional,Speed,5,7.0,0,7,10,4,7,10,6,General Fitness Foundation
46,190.9,68.7,18.9,Boxing,Novice,Strength,4,5.8,0,8,8,4,9,8,8,Explosive Punch Power
38,182.6,82.4,24.7,Boxing,Amateur,Agility,4,4.9,0,7,8,8,6,10,3,General Fitness Foundation
19,185.6,74.7,21.7,Basketball,Professional,General,4,3.1,0,6,4,5,4,3,3,Vertical Jump Pro
47,183.9,78.5,23.2,Boxing,Novice,Endurance,5,1.3,0,8,5,7,5,7,8,General Fitness Foundation
31,194.7,112.8,29.8,Weightlifting,Professional,Recovery,4,0.4,1,3,3,8,6,4,9,General Fitness Foundation
19,184.8,63.4,18.6,Weightlifting,Professional,Power,6,9.4,0,6,3,9,5,10,6,General Fitness Foundation
48,168.0,79.6,28.2,Boxing,Professional,Recovery,3,5.4,1,9,5,4,9,4,5,General Fitness Foundation
32,177.4,80.4,25.5,Football,Novice,Agility,5,7.8,0,5,9,4,5,4,3,Speed Academy
30,179.1,104.8,32.7,Weightlifting,Novice,Power,2,8.2,1,8,3,4,5,7,3,General Fitness Foundation
34,174.3,65.4,21.5,Boxing,Novice,General,2,0.9,0,10,9,10,5,10,9,General Fitness Foundation
28,168.0,105.2,37.3,Running,Amateur,Agility,4,2.4,0,8,8,10,10,8,5,General Fitness Foundation
45,181.1,93.9,28.6,Basketball,Professional,Endurance,2,4.0,0,7,6,6,5,10,3,General Fitness Foundation
43,190.6,84.5,23.3,Weightlifting,Amateur,Flexibility,2,8.3,0,5,10,6,5,3,5,General Fitness Foundation
30,182.6,61.5,18.4,Basketball,Novice,Muscle Gain,2,4.3,1,9,6,5,7,10,3,General Fitness Foundation
22,177.0,62.9,20.1,Football,Amateur,Power,2,3.8,0,10,9,3,8,5,9,General Fitness Foundation
29,179.1,75.2,23.4,Weightlifting,Professional,Recovery,5,5.6,1,6,9,4,3,6,5,General Fitness Foundation
47,185.0,80.9,23.6,Weightlifting,Amateur,Muscle Gain,5,1.4,0,4,5,4,9,8,10,General Fitness Foundation
43,167.9,72.0,25.5,Football,Novice,Speed,5,1.1,1,3,10,7,6,3,10,Speed Academy
47,178.2,64.2,20.2,Boxing,Novice,Endurance,6,8.4,1,7,7,6,3,4,8,General Fitness Foundation
24,187.8,85.6,24.3,Running,Professional,Weight Loss,5,1.0,0,10,5,6,9,5,3,General Fitness Foundation
20,176.2,71.5,23.0,Boxing,Amateur,Weight Loss,6,7.3,1,5,3,9,9,7,9,General Fitness Foundation
29,188.4,97.7,27.5,Basketball,Novice,Muscle Gain,5,5.3,1,8,4,10,3,8,7,General Fitness Foundation
19,173.4,106.6,35.5,Weightlifting,Amateur,Recovery,4,2.8,0,10,9,6,9,6,9,General Fitness Foundation
44,178.4,65.6,20.6,Running,Novice,Agility,4,4.2,0,10,5,8,10,5,4,General Fitness Foundation
24,173.5,85.1,28.3,Boxing,Amateur,Muscle Gain,4,4.6,1,7,9,5,3,9,8,General Fitness Foundation
26,194.6,86.3,22.8,Football,Novice,Flexibility,3,1.4,0,4,9,3,6,7,5,General Fitness Foundation
42,192.2,105.7,28.6,Weightlifting,Novice,General,6,2.8,1,6,5,3,3,3,6,General Fitness Foundation
33,170.0,66.6,23.0,Football,Professional,Strength,5,7.5,0,5,6,10,8,4,5,General Fitness Foundation
38,175.4,78.1,25.4,Football,Professional,General,3,9.8,1,6,9,5,7,6,8,General Fitness Foundation
50,163.6,72.7,27.2,Football,Professional,Strength,2,7.3,1,7,5,10,7,6,5,General Fitness Foundation
21,160.4,112.1,43.6,Running,Amateur,Recovery,3,6.4,1,7,9,6,5,9,10,General Fitness Foundation
32,164.0,71.5,26.6,Weightlifting,Professional,Weight Loss,3,3.4,1,8,9,5,5,3,7,General Fitness Foundation
39,194.8,65.8,17.3,Basketball,Amateur,Weight Loss,2,2.6,0,4,10,7,9,8,3,General Fitness Foundation
47,187.6,98.6,28.0,Boxing,Professional,Endurance,4,0.9,0,4,8,5,4,3,8,General Fitness Foundation
23,178.2,74.9,23.6,Basketball,Amateur,Flexibility,4,0.8,1,9,10,7,4,5,5,Vertical Jump Pro
37,187.9,75.2,21.3,Basketball,Amateur,Power,4,9.1,1,10,7,5,6,3,9,Vertical Jump Pro
34,160.4,113.4,44.1,Basketball,Professional,Endurance,3,1.1,0,5,9,5,5,5,3,Vertical Jump Pro
28,181.3,101.1,30.8,Football,Novice,Recovery,4,2.0,1,10,9,5,8,8,4,General Fitness Foundation
39,170.0,90.9,31.5,Football,Novice,Recovery,3,1.6,0,3,8,9,3,7,3,General Fitness Foundation
23,163.8,104.7,39.0,Weightlifting,Novice,Agility,2,3.4,0,6,9,10,10,4,8,General Fitness Foundation
32,160.8,88.5,34.2,Basketball,Amateur,Speed,4,2.9,0,4,5,6,8,10,7,General Fitness Foundation
30,173.0,101.7,34.0,Basketball,Professional,Recovery,6,1.9,0,5,4,8,10,5,7,Vertical Jump Pro
44,192.6,76.8,20.7,Football,Amateur,Power,3,1.8,0,7,7,8,4,7,3,General Fitness Foundation
16,164.0,83.6,31.1,Boxing,Novice,Endurance,4,9.0,0,5,5,9,8,10,9,General Fitness Foundation
43,160.6,73.7,28.6,Football,Amateur,Muscle Gain,5,2.7,0,10,4,8,4,4,5,General Fitness Foundation
23,170.2,119.8,41.4,Weightlifting,Professional,Weight Loss,6,0.6,1,6,9,8,7,4,9,General Fitness Foundation
47,180.5,87.6,26.9,Basketball,Professional,Agility,4,3.5,0,6,10,5,3,7,6,General Fitness Foundation
38,179.6,86.7,26.9,Football,Professional,Strength,2,4.3,0,3,6,3,5,7,7,General Fitness Foundation
29,176.6,72.3,23.2,Running,Novice,General,5,7.6,1,9,4,8,3,3,10,General Fitness Foundation
27,194.9,114.7,30.2,Running,Amateur,Flexibility,4,4.3,1,8,5,9,6,9,3,General Fitness Foundation
21,193.9,87.0,23.1,Boxing,Professional,Endurance,4,3.3,1,6,7,5,6,4,6,General Fitness Foundation
27,175.1,100.9,32.9,Boxing,Amateur,Weight Loss,6,6.7,1,9,6,7,8,9,9,General Fitness Foundation
39,165.6,61.8,22.5,Running,Amateur,Agility,4,8.4,1,7,7,4,9,5,10,General Fitness Foundation
32,174.4,97.1,31.9,Football,Novice,Weight Loss,5,1.5,1,9,5,5,4,10,6,General Fitness Foundation
32,192.4,111.5,30.1,Weightlifting,Professional,General,4,5.7,0,4,7,7,3,5,9,General Fitness Foundation
19,187.7,80.0,22.7,Running,Novice,General,4,6.7,0,9,9,10,7,4,3,General Fitness Foundation
50,189.3,101.3,28.3,Boxing,Professional,Strength,5,3.8,1,5,9,10,4,7,8,Explosive Punch Power
32,161.4,107.4,41.2,Running,Novice,Endurance,5,8.2,0,4,7,7,8,9,7,General Fitness Foundation
46,185.7,107.1,31.1,Football,Professional,Strength,4,6.2,1,6,6,4,3,9,5,General Fitness Foundation
22,171.2,69.5,23.7,Basketball,Amateur,Speed,2,3.9,1,4,10,4,9,7,4,General Fitness Foundation
37,165.6,80.4,29.3,Football,Novice,Strength,5,5.5,1,8,3,3,6,9,10,General Fitness Foundation
50,160.4,119.4,46.4,Boxing,Amateur,Weight Loss,5,4.6,1,8,6,3,8,6,5,General Fitness Foundation
32,180.3,116.2,35.7,Boxing,Amateur,Speed,4,0.9,1,6,5,5,7,3,9,General Fitness Foundation
43,178.5,78.4,24.6,Football,Novice,Strength,6,4.7,0,7,6,5,6,5,3,General Fitness Foundation
33,188.6,113.6,31.9,Basketball,Novice,Power,6,3.8,1,4,3,9,3,3,7,Vertical Jump Pro
45,177.4,70.3,22.3,Football,Amateur,Flexibility,6,3.6,0,8,5,5,5,5,6,General Fitness Foundation
34,193.0,93.2,25.0,Football,Amateur,Endurance,6,4.9,0,5,9,4,4,4,4,General Fitness Foundation
22,187.4,87.1,24.8,Weightlifting,Novice,Endurance,3,3.8,1,7,7,7,5,5,9,General Fitness Foundation
44,182.1,68.4,20.6,Football,Amateur,Endurance,3,5.4,1,9,7,5,10,4,3,General Fitness Foundation
38,182.2,81.6,24.6,Boxing,Amateur,Muscle Gain,6,3.5,1,6,7,3,8,4,3,General Fitness Foundation
19,185.6,77.0,22.4,Running,Professional,Flexibility,6,7.4,1,7,8,8,7,7,10,General Fitness Foundation
36,186.1,91.2,26.3,Running,Amateur,Muscle Gain,6,6.0,1,7,7,9,3,7,3,General Fitness Foundation
39,169.0,101.7,35.6,Weightlifting,Novice,General,4,0.1,0,8,6,10,3,5,9,General Fitness Foundation
26,174.8,83.4,27.3,Running,Novice,Endurance,3,3.0,0,3,10,9,10,8,8,General Fitness Foundation
33,178.3,108.4,34.1,Basketball,Amateur,Muscle Gain,5,4.4,0,7,3,7,4,3,10,Vertical Jump Pro
48,169.8,79.8,27.7,Boxing,Professional,Agility,2,0.8,1,6,10,6,5,10,9,General Fitness Foundation
44,174.6,97.4,31.9,Weightlifting,Amateur,Endurance,3,6.6,1,9,9,7,4,7,5,General Fitness Foundation
26,172.9,74.9,25.1,Football,Novice,Endurance,5,5.3,1,9,9,3,5,6,9,General Fitness Foundation
41,171.9,115.9,39.2,Weightlifting,Professional,Weight Loss,4,9.8,0,10,10,9,10,8,9,General Fitness Foundation
35,177.9,105.1,33.2,Football,Professional,Power,6,1.4,1,10,4,8,8,10,4,General Fitness Foundation
19,188.0,63.4,17.9,Basketball,Novice,Recovery,3,5.7,1,10,9,8,9,10,7,General Fitness Foundation
25,170.3,110.9,38.2,Weightlifting,Novice,Flexibility,3,4.1,1,4,6,4,7,7,10,General Fitness Foundation
35,171.3,108.3,36.9,Boxing,Amateur,Flexibility,4,2.5,0,4,8,5,10,10,4,General Fitness Foundation
38,191.7,83.2,22.6,Weightlifting,Novice,Speed,5,8.6,1,4,10,7,8,4,9,General Fitness Foundation
32,174.8,90.6,29.7,Basketball,Professional,Agility,2,5.9,1,8,6,8,9,8,10,General Fitness Foundation
17,194.4,105.5,27.9,Boxing,Amateur,Agility,2,8.2,0,5,3,7,6,8,8,General Fitness Foundation
30,181.9,119.6,36.1,Boxing,Professional,Agility,6,2.3,1,9,3,9,3,3,7,General Fitness Foundation
27,169.9,101.4,35.1,Weightlifting,Professional,Speed,5,4.6,0,6,9,10,7,3,6,General Fitness Foundation
20,177.1,102.7,32.7,Boxing,Amateur,Flexibility,5,5.4,0,10,6,10,9,9,8,General Fitness Foundation
33,163.8,78.4,29.2,Basketball,Professional,Weight Loss,3,0.7,0,5,4,9,5,3,7,Vertical Jump Pro
18,169.6,77.0,26.8,Basketball,Professional,Power,5,9.8,0,5,6,4,4,4,3,Vertical Jump Pro
43,171.3,104.6,35.6,Football,Amateur,Power,4,3.5,1,4,9,3,9,8,4,General Fitness Foundation
17,180.3,118.9,36.6,Weightlifting,Amateur,Endurance,2,4.2,1,9,4,4,8,6,8,General Fitness Foundation
34,179.7,90.8,28.1,Running,Professional,General,4,2.1,0,4,10,4,9,9,5,General Fitness Foundation
49,171.0,69.7,23.8,Running,Amateur,Recovery,4,7.8,1,3,8,9,6,10,3,General Fitness Foundation
37,172.6,60.4,20.3,Weightlifting,Novice,Endurance,4,0.6,1,4,9,7,10,6,5,General Fitness Foundation
30,163.1,103.7,39.0,Boxing,Amateur,Speed,3,9.2,1,7,8,10,6,3,10,General Fitness Foundation
40,181.4,97.8,29.7,Running,Amateur,Flexibility,2,4.9,1,9,5,8,9,5,3,General Fitness Foundation
44,184.3,61.4,18.1,Football,Novice,Agility,5,8.5,1,9,9,6,4,7,10,Speed Academy
20,177.8,115.8,36.6,Boxing,Professional,Flexibility,4,8.9,1,5,5,7,3,10,3,General Fitness Foundation
25,168.2,97.2,34.4,Basketball,Novice,Weight Loss,3,0.9,0,5,6,10,4,4,4,Vertical Jump Pro
16,178.4,77.0,24.2,Basketball,Novice,Agility,5,4.6,0,10,4,9,4,9,6,General Fitness Foundation
24,181.4,78.7,23.9,Running,Professional,Strength,3,2.5,0,9,7,9,5,4,6,General Fitness Foundation
18,174.3,80.9,26.6,Basketball,Professional,Flexibility,6,2.1,0,10,6,7,7,3,3,Vertical Jump Pro
16,169.1,119.9,41.9,Boxing,Professional,Weight Loss,3,4.0,1,6,10,10,6,6,5,General Fitness Foundation
17,166.9,92.4,33.2,Weightlifting,Professional,Power,3,9.4,0,4,6,9,3,4,8,General Fitness Foundation
48,181.8,90.2,27.3,Football,Novice,Strength,5,8.3,1,8,10,6,6,10,6,General Fitness Foundation
28,183.4,80.2,23.8,Football,Amateur,Agility,5,4.0,1,6,10,8,10,3,5,Speed Academy
37,172.3,65.3,22.0,Football,Novice,Weight Loss,2,0.1,0,9,7,10,7,8,3,General Fitness Foundation
21,194.1,63.1,16.7,Boxing,Novice,Power,2,6.2,1,6,3,7,5,10,8,Explosive Punch Power
38,165.6,100.5,36.6,Football,Professional,General,2,2.0,0,9,3,9,8,6,4,General Fitness Foundation
21,170.9,107.6,36.8,Boxing,Novice,Recovery,5,7.6,0,4,6,3,10,3,5,General Fitness Foundation
38,189.2,96.8,27.0,Football,Professional,Strength,6,3.6,1,7,7,5,9,6,10,General Fitness Foundation
33,177.6,83.1,26.3,Running,Novice,Recovery,5,5.4,0,8,10,3,6,6,4,General Fitness Foundation
49,178.0,105.6,33.3,Weightlifting,Novice,Power,5,1.3,0,4,7,5,6,6,4,General Fitness Foundation
46,161.4,96.5,37.0,Weightlifting,Amateur,Strength,4,1.3,0,4,4,8,4,4,4,General Fitness Foundation
33,180.1,110.4,34.0,Football,Amateur,General,5,4.2,0,8,6,5,4,7,5,General Fitness Foundation
16,191.3,99.7,27.2,Running,Novice,Weight Loss,3,6.8,0,6,6,3,6,4,4,General Fitness Foundation
46,176.8,99.9,32.0,Weightlifting,Professional,Flexibility,2,6.2,0,5,4,4,9,5,8,General Fitness Foundation
20,185.8,119.5,34.6,Weightlifting,Novice,Power,6,5.7,0,3,10,10,5,5,9,General Fitness Foundation
20,174.0,106.3,35.1,Running,Amateur,Weight Loss,3,1.8,1,6,4,8,10,10,8,General Fitness Foundation
18,169.5,117.6,40.9,Boxing,Novice,Speed,3,4.9,0,10,3,10,9,3,8,General Fitness Foundation
44,178.1,117.2,36.9,Football,Professional,Flexibility,4,3.5,0,5,10,9,3,8,10,General Fitness Foundation
21,172.3,98.6,33.2,Running,Novice,General,6,8.3,1,7,7,7,6,3,9,General Fitness Foundation
42,182.6,93.1,27.9,Boxing,Professional,Agility,4,3.5,1,7,10,5,3,9,7,General Fitness Foundation
30,166.2,112.5,40.7,Running,Amateur,Muscle Gain,6,3.1,1,10,10,7,6,9,6,General Fitness Foundation
29,185.5,73.1,21.2,Weightlifting,Novice,Agility,2,6.5,1,10,4,3,9,7,4,General Fitness Foundation
24,160.2,98.5,38.4,Boxing,Amateur,Agility,6,4.4,1,4,4,10,4,3,8,General Fitness Foundation
41,169.4,63.4,22.1,Weightlifting,Novice,Flexibility,2,0.7,0,7,7,10,3,4,6,General Fitness Foundation
30,190.2,77.2,21.3,Boxing,Amateur,General,6,6.9,0,4,5,10,8,10,4,General Fitness Foundation
16,180.7,91.7,28.1,Weightlifting,Novice,Power,5,6.7,0,9,6,3,5,3,7,General Fitness Foundation
28,184.9,96.1,28.1,Weightlifting,Professional,Flexibility,6,0.6,0,6,10,7,6,5,4,General Fitness Foundation
34,192.5,73.5,19.8,Football,Novice,Strength,5,5.4,1,9,7,5,7,6,4,General Fitness Foundation
34,177.3,61.1,19.4,Running,Amateur,Power,5,1.5,0,3,10,10,3,3,8,General Fitness Foundation
36,187.8,100.4,28.5,Boxing,Amateur,Power,5,7.6,1,6,4,5,5,3,6,Explosive Punch Power
49,184.2,109.9,32.4,Running,Professional,Muscle Gain,3,2.4,0,5,3,7,7,5,8,General Fitness Foundation
23,160.2,73.9,28.8,Football,Amateur,Muscle Gain,2,6.6,1,7,8,7,4,5,9,General Fitness Foundation
22,188.4,98.1,27.6,Boxing,Amateur,Power,2,10.0,0,9,9,6,3,4,4,Explosive Punch Power
36,191.6,95.9,26.1,Weightlifting,Novice,General,3,0.0,0,5,4,7,10,10,7,General Fitness Foundation
19,165.5,63.6,23.2,Football,Amateur,Agility,3,5.8,1,3,3,9,6,9,3,Speed Academy
38,168.9,87.2,30.6,Boxing,Novice,Strength,4,4.1,1,9,10,4,4,7,6,Explosive Punch Power
34,190.1,62.0,17.2,Weightlifting,Novice,Agility,3,8.3,0,6,3,6,9,10,3,General Fitness Foundation
49,171.1,85.6,29.2,Football,Amateur,Speed,4,0.5,0,3,6,4,8,7,7,Speed Academy
23,162.3,92.8,35.2,Running,Amateur,Flexibility,4,3.8,1,6,5,6,5,4,8,General Fitness Foundation
49,194.8,74.3,19.6,Running,Professional,Muscle Gain,5,7.5,0,4,8,5,5,4,6,General Fitness Foundation
39,184.7,89.4,26.2,Boxing,Novice,Speed,3,9.0,0,3,4,6,4,10,6,General Fitness Foundation
31,167.3,73.1,26.1,Running,Professional,Flexibility,3,1.7,1,4,3,8,9,9,4,General Fitness Foundation
46,161.6,114.0,43.7,Football,Professional,Flexibility,5,0.5,1,8,7,7,6,3,3,General Fitness Foundation
39,161.7,103.6,39.6,Running,Novice,Power,2,9.8,0,5,5,7,9,6,4,General Fitness Foundation
50,182.9,104.6,31.3,Football,Novice,Recovery,3,4.8,0,4,9,10,10,7,6,General Fitness Foundation
41,192.2,63.5,17.2,Boxing,Professional,Flexibility,5,1.1,1,6,4,4,4,9,3,General Fitness Foundation
37,171.1,116.6,39.8,Basketball,Professional,General,5,7.1,1,7,5,8,8,8,3,General Fitness Foundation
42,175.2,77.3,25.2,Football,Novice,Strength,3,2.5,0,3,5,5,9,3,10,General Fitness Foundation
45,162.7,109.3,41.3,Basketball,Amateur,Agility,4,7.4,0,8,10,3,7,10,3,General Fitness Foundation
25,190.0,90.7,25.1,Football,Professional,Endurance,6,5.1,0,10,10,7,9,8,7,General Fitness Foundation
29,166.0,107.4,39.0,Running,Professional,Agility,3,1.2,0,3,6,8,8,8,6,General Fitness Foundation
35,185.8,94.8,27.5,Boxing,Novice,Agility,6,1.7,1,6,9,8,7,8,6,General Fitness Foundation
49,183.2,75.0,22.3,Basketball,Professional,Flexibility,4,5.1,0,5,3,5,6,3,5,Vertical Jump Pro
34,163.4,92.5,34.6,Boxing,Amateur,Recovery,6,0.0,1,5,3,5,4,10,5,General Fitness Foundation
38,181.2,85.1,25.9,Football,Amateur,Weight Loss,4,4.5,1,4,7,8,9,5,8,General Fitness Foundation
38,184.2,81.1,23.9,Running,Amateur,Agility,4,7.1,1,3,6,7,3,3,3,General Fitness Foundation
20,175.8,111.5,36.1,Football,Amateur,Speed,4,4.6,1,10,10,8,6,6,9,Speed Academy
48,170.5,64.0,22.0,Basketball,Novice,Muscle Gain,6,3.6,1,4,7,8,10,6,3,General Fitness Foundation
46,186.4,68.4,19.7,Boxing,Novice,Endurance,4,0.3,0,8,5,7,6,4,10,General Fitness Foundation
26,162.5,114.1,43.2,Boxing,Novice,Strength,3,1.5,1,10,9,10,7,7,4,Explosive Punch Power
16,161.7,109.0,41.7,Basketball,Novice,Endurance,2,2.8,0,5,6,8,5,8,3,General Fitness Foundation
47,186.6,94.9,27.3,Running,Professional,Muscle Gain,3,1.3,0,8,9,7,10,6,10,General Fitness Foundation
43,189.9,90.0,25.0,Weightlifting,Novice,Agility,2,4.8,1,10,5,3,5,3,4,General Fitness Foundation
34,179.8,100.1,31.0,Boxing,Amateur,Endurance,2,2.8,0,10,8,6,8,6,6,General Fitness Foundation
42,183.5,113.9,33.8,Boxing,Professional,Flexibility,2,3.1,0,5,4,7,4,8,5,General Fitness Foundation
49,160.2,71.5,27.9,Running,Professional,General,2,4.3,1,4,3,5,6,8,8,General Fitness Foundation
18,163.0,70.4,26.5,Weightlifting,Professional,Recovery,3,7.5,0,3,5,6,3,10,9,General Fitness Foundation
38,165.6,96.5,35.2,Weightlifting,Amateur,Recovery,2,4.0,1,7,3,10,5,8,10,General Fitness Foundation
32,169.1,101.9,35.6,Basketball,Professional,Agility,5,3.8,1,4,7,5,10,4,8,Vertical Jump Pro
30,193.3,89.4,23.9,Basketball,Amateur,Muscle Gain,3,4.7,0,8,9,7,10,6,10,General Fitness Foundation
28,176.0,90.6,29.2,Boxing,Novice,Flexibility,3,1.0,1,4,8,8,10,5,7,General Fitness Foundation
50,182.5,81.2,24.4,Football,Amateur,Power,4,7.4,1,10,3,9,8,7,4,General Fitness Foundation
33,193.6,105.3,28.1,Boxing,Professional,General,4,6.7,1,7,8,10,6,10,9,General Fitness Foundation
28,162.5,62.5,23.7,Weightlifting,Novice,Agility,2,1.2,1,9,10,4,3,7,6,General Fitness Foundation
17,177.4,71.3,22.7,Weightlifting,Novice,Weight Loss,3,6.2,0,3,6,6,6,3,6,General Fitness Foundation
23,165.8,65.1,23.7,Basketball,Novice,Speed,5,6.2,0,5,5,6,10,10,5,General Fitness Foundation
28,171.5,66.6,22.6,Running,Novice,Agility,5,6.2,0,9,9,9,9,10,5,General Fitness Foundation
43,170.7,87.8,30.1,Running,Novice,Flexibility,2,4.2,1,3,6,8,3,6,4,General Fitness Foundation
21,182.6,117.2,35.2,Running,Professional,Endurance,2,2.9,1,3,10,9,7,6,3,General Fitness Foundation
28,163.7,75.1,28.0,Running,Professional,Flexibility,2,2.0,0,7,4,5,6,7,5,General Fitness Foundation
25,190.3,107.7,29.7,Football,Novice,General,2,9.6,0,7,9,10,7,3,9,General Fitness Foundation
46,163.7,78.0,29.1,Boxing,Novice,Strength,6,5.3,1,9,5,4,3,9,6,Explosive Punch Power
36,170.1,69.2,23.9,Running,Novice,Power,6,4.5,1,9,7,10,7,9,6,General Fitness Foundation
46,190.8,110.9,30.5,Weightlifting,Novice,Strength,2,3.6,0,5,10,3,4,7,9,General Fitness Foundation
43,189.6,77.6,21.6,Weightlifting,Professional,Muscle Gain,3,8.2,0,4,8,3,3,9,5,General Fitness Foundation
34,179.7,101.8,31.5,Football,Professional,Muscle Gain,3,9.8,1,3,6,7,6,4,3,General Fitness Foundation
46,160.8,90.1,34.8,Boxing,Novice,Agility,3,7.2,0,5,8,5,6,10,5,General Fitness Foundation
38,190.9,69.1,19.0,Running,Amateur,Power,5,1.8,1,8,6,7,3,3,9,General Fitness Foundation
38,181.3,95.3,29.0,Running,Amateur,Recovery,3,8.9,0,3,8,7,6,5,3,General Fitness Foundation
30,162.1,84.4,32.1,Basketball,Novice,Speed,6,6.9,1,7,6,3,6,5,10,Vertical Jump Pro
23,170.3,93.6,32.3,Running,Professional,Agility,2,0.2,0,7,7,5,8,3,10,General Fitness Foundation
18,160.5,105.1,40.8,Boxing,Professional,Endurance,4,2.2,1,4,8,6,9,8,3,General Fitness Foundation
21,168.7,90.0,31.6,Boxing,Novice,Speed,3,0.1,1,4,8,9,8,3,6,General Fitness Foundation
29,188.0,105.1,29.7,Football,Novice,General,5,0.0,1,9,10,4,10,9,4,General Fitness Foundation
43,186.1,97.6,28.2,Basketball,Novice,Flexibility,3,4.0,1,10,5,7,9,7,8,General Fitness Foundation
40,161.0,60.9,23.5,Basketball,Professional,Muscle Gain,4,9.9,0,9,8,3,4,10,9,General Fitness Foundation
36,178.5,65.1,20.4,Boxing,Amateur,Strength,4,4.7,0,5,8,5,4,9,6,Explosive Punch Power
41,190.1,89.0,24.6,Running,Professional,General,3,2.6,1,7,4,4,10,3,10,General Fitness Foundation
26,192.0,78.6,21.3,Football,Professional,General,4,2.9,0,10,9,3,10,9,6,General Fitness Foundation
46,192.7,113.9,30.7,Weightlifting,Amateur,Power,4,4.7,1,5,9,8,5,3,9,General Fitness Foundation
27,192.7,93.5,25.2,Boxing,Amateur,Strength,3,6.2,0,4,5,10,3,5,10,Explosive Punch Power
48,180.8,119.6,36.6,Basketball,Professional,General,6,1.4,0,7,6,5,6,5,10,Vertical Jump Pro
22,192.2,117.1,31.7,Boxing,Professional,Recovery,2,6.6,1,5,10,4,3,9,9,General Fitness Foundation
34,162.6,119.5,45.2,Weightlifting,Novice,General,2,10.0,1,7,10,9,7,4,4,General Fitness Foundation
43,160.4,60.2,23.4,Running,Novice,Power,3,1.6,0,7,3,8,8,5,9,General Fitness Foundation
41,167.3,67.4,24.1,Boxing,Professional,Weight Loss,2,3.5,0,7,10,6,4,8,6,General Fitness Foundation
26,192.2,89.1,24.1,Football,Novice,Flexibility,2,9.0,1,4,4,8,3,4,9,General Fitness Foundation
20,171.3,69.8,23.8,Running,Amateur,Weight Loss,6,9.5,1,4,9,3,3,9,3,General Fitness Foundation
21,170.8,111.9,38.4,Running,Amateur,Agility,6,5.6,0,4,9,4,7,5,6,General Fitness Foundation
45,183.6,74.9,22.2,Football,Novice,Agility,3,0.1,1,9,4,9,8,8,4,Speed Academy
16,162.0,104.9,40.0,Weightlifting,Novice,General,2,2.6,1,5,4,9,8,4,3,General Fitness Foundation
40,180.3,80.9,24.9,Basketball,Professional,Speed,4,8.7,1,5,6,10,4,10,10,General Fitness Foundation
17,190.2,77.6,21.5,Weightlifting,Amateur,General,3,8.9,0,7,6,6,9,8,6,General Fitness Foundation
41,161.5,67.9,26.0,Weightlifting,Amateur,Endurance,6,5.9,0,7,5,4,4,4,5,General Fitness Foundation
19,173.3,87.5,29.1,Weightlifting,Novice,Endurance,4,7.6,1,10,7,10,7,4,3,General Fitness Foundation
32,183.8,76.1,22.5,Weightlifting,Amateur,Strength,2,1.4,0,8,5,4,8,7,7,General Fitness Foundation
31,175.9,71.0,22.9,Running,Professional,General,2,4.9,1,8,8,3,9,7,8,General Fitness Foundation
50,179.4,79.4,24.7,Boxing,Amateur,Power,6,8.1,1,9,3,6,9,3,10,Explosive Punch Power
28,190.8,79.4,21.8,Football,Amateur,Agility,4,4.0,0,8,6,3,9,7,6,Speed Academy
28,168.8,111.0,39.0,Weightlifting,Amateur,Weight Loss,4,4.5,1,6,8,7,6,4,5,General Fitness Foundation
16,178.0,107.2,33.8,Running,Amateur,Weight Loss,6,0.2,0,7,4,3,4,9,9,General Fitness Foundation
48,171.1,104.9,35.8,Basketball,Amateur,General,4,6.4,0,8,5,8,7,4,6,Vertical Jump Pro
49,174.1,99.3,32.8,Football,Professional,Strength,4,1.2,0,10,4,5,5,4,10,General Fitness Foundation
29,177.9,65.5,20.7,Boxing,Novice,Agility,3,4.3,0,4,5,4,7,5,10,General Fitness Foundation
40,173.5,75.9,25.2,Basketball,Professional,Flexibility,3,2.8,0,7,3,7,8,4,10,Vertical Jump Pro
42,178.0,90.8,28.7,Basketball,Amateur,Agility,6,5.1,1,6,7,9,8,3,4,Vertical Jump Pro
16,192.9,72.1,19.4,Running,Professional,Flexibility,5,1.0,0,10,4,6,6,3,10,General Fitness Foundation
16,181.4,91.0,27.7,Weightlifting,Professional,Strength,4,0.7,0,7,6,8,10,10,9,General Fitness Foundation
17,165.8,86.7,31.5,Weightlifting,Professional,Muscle Gain,6,6.9,1,8,10,10,5,9,8,General Fitness Foundation
42,180.4,75.1,23.1,Football,Professional,Power,6,5.0,0,7,5,8,7,4,9,General Fitness Foundation
31,184.3,77.5,22.8,Weightlifting,Professional,Weight Loss,2,5.3,1,9,3,10,6,6,6,General Fitness Foundation
20,176.6,64.7,20.7,Boxing,Amateur,General,4,1.3,1,7,4,4,4,4,10,General Fitness Foundation
17,162.3,108.2,41.1,Basketball,Amateur,Endurance,6,9.8,0,9,6,3,4,7,3,General Fitness Foundation
39,162.4,86.9,32.9,Running,Novice,Power,2,3.2,1,8,9,6,9,3,9,General Fitness Foundation
42,167.6,80.7,28.7,Basketball,Novice,Strength,6,7.0,1,8,9,5,4,5,6,Vertical Jump Pro
17,166.5,112.0,40.4,Football,Novice,Agility,6,5.3,1,7,9,3,4,6,6,Speed Academy
37,176.8,96.0,30.7,Basketball,Professional,Endurance,5,6.6,0,10,9,10,6,7,10,General Fitness Foundation
16,163.4,83.1,31.1,Running,Amateur,Recovery,3,3.7,0,5,9,6,3,7,7,General Fitness Foundation
25,185.0,93.3,27.3,Running,Novice,General,3,7.3,1,9,3,6,10,8,8,General Fitness Foundation
40,193.3,83.6,22.4,Boxing,Professional,Power,5,5.1,1,4,4,10,9,5,3,Explosive Punch Power
21,170.3,72.1,24.9,Basketball,Professional,Recovery,5,9.2,1,7,4,3,4,9,6,General Fitness Foundation
23,165.9,100.7,36.6,Boxing,Novice,Speed,4,5.1,0,4,8,9,4,4,6,General Fitness Foundation
43,173.2,62.7,20.9,Basketball,Novice,Flexibility,4,6.0,1,5,4,7,8,8,10,General Fitness Foundation
25,179.5,72.6,22.5,Boxing,Amateur,Flexibility,4,3.4,1,7,7,8,8,8,3,General Fitness Foundation
23,188.4,93.9,26.5,Boxing,Novice,Flexibility,3,3.5,0,3,9,5,4,10,4,General Fitness Foundation
39,181.3,62.8,19.1,Basketball,Amateur,Endurance,5,1.6,1,10,7,8,4,8,6,General Fitness Foundation
40,177.3,71.9,22.9,Running,Novice,Power,2,6.9,0,4,9,5,7,3,4,General Fitness Foundation
32,186.1,100.1,28.9,Boxing,Novice,Weight Loss,2,1.6,1,8,9,3,5,8,10,General Fitness Foundation
22,161.5,72.7,27.9,Weightlifting,Professional,Recovery,4,0.4,0,6,5,9,9,5,4,General Fitness Foundation
50,193.0,96.1,25.8,Running,Novice,Muscle Gain,6,6.7,0,7,6,8,3,5,10,General Fitness Foundation
30,194.9,64.7,17.0,Basketball,Amateur,Strength,4,7.3,0,4,4,5,10,6,10,General Fitness Foundation
37,184.5,68.5,20.1,Basketball,Novice,Agility,2,9.7,0,5,8,9,5,8,5,General Fitness Foundation
17,170.3,63.8,22.0,Weightlifting,Professional,Speed,4,5.0,0,4,5,7,10,5,8,General Fitness Foundation
48,191.8,77.9,21.2,Boxing,Professional,Speed,2,2.9,1,9,8,8,9,5,8,General Fitness Foundation
37,171.0,98.2,33.6,Weightlifting,Novice,Power,3,1.6,1,6,5,5,4,10,3,General Fitness Foundation
49,160.7,117.0,45.3,Basketball,Professional,Recovery,2,3.8,0,8,10,3,3,4,9,Vertical Jump Pro
41,188.0,89.1,25.2,Football,Professional,Agility,3,9.1,1,7,4,7,9,3,6,Speed Academy
47,185.4,97.3,28.3,Weightlifting,Amateur,Endurance,6,0.7,1,9,5,7,10,10,10,General Fitness Foundation
48,161.2,78.6,30.2,Basketball,Amateur,Endurance,3,0.2,0,4,7,5,7,9,5,General Fitness Foundation
47,193.9,72.5,19.3,Football,Professional,Flexibility,2,0.5,1,8,7,9,9,3,3,General Fitness Foundation
47,164.0,75.1,27.9,Basketball,Novice,Speed,5,7.7,1,8,6,7,7,4,6,Vertical Jump Pro
50,170.7,87.5,30.0,Running,Professional,Recovery,4,3.7,0,9,9,5,10,6,8,General Fitness Foundation
47,191.7,100.4,27.3,Boxing,Professional,Endurance,3,6.2,0,7,6,6,3,6,5,General Fitness Foundation
42,174.9,86.0,28.1,Football,Professional,Strength,3,0.9,0,10,5,6,4,9,7,General Fitness Foundation
46,189.7,100.0,27.8,Basketball,Novice,General,4,8.9,0,3,8,6,10,8,10,General Fitness Foundation
40,180.1,65.6,20.2,Boxing,Novice,Endurance,2,9.0,1,5,7,7,7,10,10,General Fitness Foundation
48,167.7,109.1,38.8,Weightlifting,Professional,Weight Loss,4,5.9,1,3,7,8,7,10,7,General Fitness Foundation
27,161.4,105.4,40.5,Basketball,Amateur,Power,5,2.5,0,5,5,10,10,7,4,Vertical Jump Pro
20,165.1,107.9,39.6,Weightlifting,Amateur,Speed,4,7.7,0,7,7,8,4,10,5,General Fitness Foundation
17,176.0,88.8,28.7,Football,Professional,Weight Loss,4,5.9,1,7,9,4,6,6,8,General Fitness Foundation
47,166.1,68.9,25.0,Weightlifting,Professional,General,3,9.6,1,6,8,4,7,3,9,General Fitness Foundation
19,192.9,103.7,27.9,Weightlifting,Amateur,General,6,8.8,0,3,10,7,6,4,8,General Fitness Foundation
34,174.8,88.3,28.9,Running,Amateur,Flexibility,3,1.6,0,6,6,5,10,3,10,General Fitness Foundation
17,165.3,69.2,25.3,Football,Professional,General,5,3.9,0,5,8,3,8,10,5,General Fitness Foundation
49,179.1,62.5,19.5,Weightlifting,Professional,Weight Loss,2,3.5,0,8,6,4,8,7,7,General Fitness Foundation
18,190.0,100.7,27.9,Basketball,Professional,Power,4,7.8,0,7,10,3,9,7,7,Vertical Jump Pro
24,187.5,85.7,24.4,Weightlifting,Novice,Strength,6,1.2,0,10,5,6,9,10,9,General Fitness Foundation
20,160.6,95.5,37.0,Running,Novice,Speed,2,8.1,0,5,3,8,5,5,8,General Fitness Foundation
39,187.1,115.6,33.0,Weightlifting,Amateur,General,6,2.5,1,3,4,6,8,4,8,General Fitness Foundation
22,170.9,66.4,22.7,Boxing,Novice,Muscle Gain,4,4.7,0,3,3,6,7,4,5,General Fitness Foundation
42,186.8,80.7,23.1,Basketball,Amateur,General,3,4.2,1,5,7,6,8,10,5,General Fitness Foundation
40,173.1,78.1,26.1,Basketball,Amateur,Weight Loss,5,1.8,0,4,6,8,9,4,5,Vertical Jump Pro
23,174.9,109.8,35.9,Football,Professional,Endurance,3,8.6,1,3,8,8,6,10,5,General Fitness Foundation
42,167.2,88.9,31.8,Boxing,Amateur,Weight Loss,6,7.4,0,5,4,10,7,4,10,General Fitness Foundation
25,192.6,82.8,22.3,Basketball,Amateur,Endurance,5,8.0,0,8,4,9,8,4,5,Vertical Jump Pro
37,164.6,115.6,42.7,Running,Novice,Agility,4,8.7,1,3,5,10,5,10,3,General Fitness Foundation
47,186.6,84.5,24.3,Running,Novice,Flexibility,4,8.6,0,8,6,3,5,8,5,General Fitness Foundation
18,194.6,63.9,16.9,Basketball,Novice,Endurance,3,5.2,0,10,9,6,3,7,7,General Fitness Foundation
41,177.0,68.6,21.9,Boxing,Amateur,Recovery,4,6.9,1,6,4,8,8,8,5,General Fitness Foundation
23,171.3,80.5,27.4,Running,Amateur,Muscle Gain,4,1.4,1,5,6,5,4,6,4,General Fitness Foundation
29,185.7,113.6,32.9,Basketball,Amateur,General,2,7.2,0,8,4,7,5,4,10,Vertical Jump Pro
48,174.4,118.2,38.9,Weightlifting,Amateur,Weight Loss,4,4.4,0,6,5,7,5,5,4,General Fitness Foundation
41,182.8,87.5,26.2,Football,Amateur,Endurance,5,9.9,0,3,3,10,8,5,3,General Fitness Foundation
46,194.9,107.4,28.3,Football,Professional,Strength,5,1.8,1,10,7,7,6,3,9,General Fitness Foundation
16,188.7,69.6,19.5,Football,Professional,Weight Loss,5,1.0,0,8,10,6,5,9,6,General Fitness Foundation
50,162.7,91.0,34.4,Weightlifting,Novice,Endurance,5,6.7,1,9,5,10,4,10,3,General Fitness Foundation
41,165.9,94.0,34.2,Running,Professional,Flexibility,2,2.0,0,6,5,5,6,4,9,General Fitness Foundation
23,173.0,113.5,37.9,Weightlifting,Novice,Speed,5,6.3,1,3,8,10,9,8,7,General Fitness Foundation
26,181.3,106.3,32.3,Running,Amateur,Agility,6,4.1,1,8,7,4,5,5,6,General Fitness Foundation
46,187.2,61.1,17.4,Football,Amateur,Agility,2,3.2,1,5,10,4,3,7,4,Speed Academy
38,185.0,91.1,26.6,Running,Professional,Weight Loss,3,3.2,0,6,8,8,10,4,6,General Fitness Foundation
23,181.8,113.0,34.2,Football,Professional,Weight Loss,5,3.3,0,9,3,10,6,5,4,General Fitness Foundation
37,165.4,90.4,33.0,Boxing,Amateur,Strength,2,1.0,0,6,8,3,8,4,8,Explosive Punch Power
30,172.4,67.7,22.8,Boxing,Professional,Endurance,4,6.0,0,5,9,10,8,8,4,General Fitness Foundation
20,183.6,95.8,28.4,Running,Professional,Recovery,3,4.3,1,10,10,4,9,10,3,General Fitness Foundation
39,184.5,66.2,19.4,Basketball,Novice,General,4,2.1,0,6,4,6,8,10,9,General Fitness Foundation
50,194.9,119.9,31.6,Running,Professional,Flexibility,6,2.1,1,3,8,10,5,3,3,General Fitness Foundation
23,174.5,76.9,25.3,Running,Novice,Agility,3,9.1,1,10,7,7,9,6,10,General Fitness Foundation
31,190.8,61.9,17.0,Weightlifting,Professional,Endurance,3,1.7,0,3,7,7,3,5,10,General Fitness Foundation
22,169.4,107.6,37.5,Boxing,Novice,Power,5,4.1,1,6,6,5,3,4,6,Explosive Punch Power
41,168.9,103.0,36.1,Basketball,Novice,Flexibility,6,2.2,0,3,8,6,6,7,8,General Fitness Foundation
30,192.5,98.0,26.4,Boxing,Amateur,Agility,2,9.6,1,8,6,8,3,9,7,General Fitness Foundation
41,170.0,85.6,29.6,Weightlifting,Novice,Power,2,2.0,0,3,9,4,3,3,5,General Fitness Foundation
32,170.4,84.1,29.0,Football,Novice,Speed,5,3.1,1,5,6,10,6,5,8,Speed Academy
43,165.3,64.5,23.6,Boxing,Novice,Flexibility,4,1.7,0,9,6,4,10,6,3,General Fitness Foundation
27,175.0,75.9,24.8,Running,Amateur,General,2,2.8,1,4,4,9,5,8,3,General Fitness Foundation
25,180.2,60.8,18.7,Football,Novice,Endurance,6,4.4,0,9,9,5,8,5,8,General Fitness Foundation
21,165.6,92.2,33.6,Boxing,Amateur,Weight Loss,6,2.7,1,10,8,5,5,8,7,General Fitness Foundation
35,177.1,64.1,20.4,Running,Professional,Power,6,7.9,1,9,7,5,8,10,10,General Fitness Foundation
35,184.4,99.9,29.4,Football,Novice,Recovery,5,3.3,0,8,8,3,4,3,10,General Fitness Foundation
30,182.7,70.9,21.2,Running,Amateur,Muscle Gain,5,6.9,1,9,3,10,4,8,5,General Fitness Foundation
22,161.3,79.5,30.6,Football,Professional,Endurance,5,7.4,0,10,8,9,6,3,4,General Fitness Foundation
24,185.5,79.3,23.0,Boxing,Novice,Endurance,3,7.9,0,9,8,10,3,10,10,General Fitness Foundation
23,161.5,99.5,38.1,Running,Amateur,Recovery,5,7.9,1,7,6,5,5,7,9,General Fitness Foundation
29,176.4,87.7,28.2,Basketball,Novice,Muscle Gain,6,1.6,1,3,3,7,5,7,7,General Fitness Foundation
35,169.3,87.1,30.4,Basketball,Novice,Power,4,5.8,1,7,9,8,5,3,5,Vertical Jump Pro
33,184.4,79.4,23.4,Football,Novice,Weight Loss,3,4.8,1,8,6,3,4,10,4,General Fitness Foundation
32,165.4,112.5,41.1,Basketball,Novice,Strength,6,5.9,1,8,3,8,10,3,8,Vertical Jump Pro
25,181.7,77.2,23.4,Weightlifting,Amateur,Flexibility,4,4.5,1,5,7,8,6,5,6,General Fitness Foundation
17,177.8,107.7,34.1,Football,Novice,Muscle Gain,5,0.9,0,3,4,10,7,8,6,General Fitness Foundation
36,194.9,78.1,20.6,Weightlifting,Amateur,Weight Loss,6,7.5,1,8,6,7,6,9,4,General Fitness Foundation
32,193.0,104.0,27.9,Weightlifting,Professional,Agility,6,3.4,1,10,4,3,9,8,3,General Fitness Foundation
50,179.6,102.4,31.7,Weightlifting,Professional,Power,2,9.5,0,7,7,3,5,7,8,General Fitness Foundation
39,177.6,111.6,35.4,Running,Novice,Agility,3,5.0,0,7,3,5,4,6,10,General Fitness Foundation
30,172.4,106.4,35.8,Weightlifting,Professional,Weight Loss,6,8.9,0,5,9,5,10,4,9,General Fitness Foundation
37,186.3,109.6,31.6,Weightlifting,Amateur,Power,6,7.9,1,7,5,3,8,5,4,General Fitness Foundation
50,162.5,88.7,33.6,Running,Amateur,Speed,5,7.1,0,8,5,4,6,10,6,General Fitness Foundation
48,176.4,107.4,34.5,Boxing,Novice,Weight Loss,4,2.0,0,10,3,7,9,7,5,General Fitness Foundation
31,182.9,117.9,35.2,Basketball,Novice,Strength,5,1.9,0,3,10,5,10,9,6,General Fitness Foundation
38,192.8,72.8,19.6,Running,Novice,General,2,9.0,1,9,6,10,7,7,9,General Fitness Foundation
30,183.5,74.2,22.0,Basketball,Professional,Strength,6,7.5,0,7,6,8,6,5,7,Vertical Jump Pro
38,173.9,107.6,35.6,Boxing,Amateur,Speed,5,5.5,0,10,8,3,7,6,9,General Fitness Foundation
31,183.3,72.8,21.7,Weightlifting,Professional,Agility,4,2.3,0,8,9,4,5,8,5,General Fitness Foundation
40,167.7,104.6,37.2,Running,Professional,Speed,2,8.4,1,4,3,6,4,7,8,General Fitness Foundation
39,173.3,81.2,27.0,Football,Novice,Weight Loss,3,3.1,0,7,6,8,6,8,6,General Fitness Foundation
31,191.8,90.0,24.5,Basketball,Novice,Agility,6,2.6,1,4,7,9,8,3,10,Vertical Jump Pro
39,184.5,113.5,33.3,Basketball,Novice,Weight Loss,5,2.0,1,7,8,8,3,7,6,General Fitness Foundation
17,160.3,62.0,24.1,Running,Professional,Strength,5,6.0,0,8,5,8,5,4,5,General Fitness Foundation
41,164.9,112.4,41.3,Weightlifting,Amateur,Recovery,5,6.2,1,7,4,3,7,9,9,General Fitness Foundation
47,189.4,87.4,24.4,Boxing,Novice,Speed,6,6.4,0,8,4,5,9,3,5,General Fitness Foundation
30,193.5,73.5,19.6,Football,Novice,Strength,5,0.6,1,7,8,7,5,3,9,General Fitness Foundation
38,188.0,86.1,24.4,Weightlifting,Novice,Endurance,4,0.0,1,10,4,4,6,4,4,General Fitness Foundation
18,161.6,61.5,23.6,Weightlifting,Novice,Muscle Gain,5,9.0,0,7,4,3,8,8,10,General Fitness Foundation
20,192.5,74.7,20.2,Weightlifting,Amateur,Muscle Gain,5,8.3,0,8,5,8,5,7,4,General Fitness Foundation
30,184.3,70.9,20.9,Running,Amateur,Agility,4,3.8,0,9,7,10,3,5,6,General Fitness Foundation
20,168.6,108.8,38.3,Football,Amateur,Strength,6,7.3,0,3,9,7,6,4,8,General Fitness Foundation
24,170.2,98.1,33.9,Running,Professional,Endurance,5,6.3,1,5,8,10,3,3,5,General Fitness Foundation
45,165.7,63.2,23.0,Boxing,Professional,Strength,5,9.4,1,8,3,4,8,6,9,Explosive Punch Power
25,188.4,110.9,31.2,Basketball,Amateur,Muscle Gain,5,0.2,1,5,3,8,8,8,8,General Fitness Foundation
36,177.9,88.9,28.1,Boxing,Amateur,General,3,6.1,1,4,9,4,8,9,6,General Fitness Foundation
32,168.2,96.7,34.2,Basketball,Professional,Weight Loss,2,0.5,0,9,9,7,5,4,10,Vertical Jump Pro
16,173.5,112.0,37.2,Weightlifting,Novice,Flexibility,4,2.7,0,5,8,5,8,4,5,General Fitness Foundation
43,193.0,76.8,20.6,Weightlifting,Professional,Recovery,4,8.5,1,10,7,10,9,5,10,General Fitness Foundation
35,172.2,82.4,27.8,Boxing,Professional,Strength,3,0.4,1,8,5,3,7,6,3,Explosive Punch Power
30,172.4,77.5,26.1,Running,Professional,Endurance,4,1.6,0,10,9,5,10,10,3,General Fitness Foundation
26,191.5,104.8,28.6,Weightlifting,Professional,Muscle Gain,6,1.9,0,5,4,3,6,4,7,General Fitness Foundation
28,181.2,72.4,22.1,Boxing,Professional,Muscle Gain,3,7.9,0,6,8,10,10,9,10,General Fitness Foundation
39,165.4,118.3,43.2,Boxing,Amateur,General,6,1.6,0,6,7,3,10,10,4,General Fitness Foundation
37,173.5,92.0,30.6,Football,Amateur,Power,5,2.4,1,5,5,6,4,7,4,General Fitness Foundation
32,179.5,113.5,35.2,Running,Novice,Muscle Gain,2,6.1,0,3,10,9,3,3,6,General Fitness Foundation
41,165.6,95.5,34.8,Basketball,Amateur,Endurance,3,0.7,1,9,4,9,10,3,6,Vertical Jump Pro
49,171.1,91.2,31.2,Weightlifting,Professional,Weight Loss,4,4.2,0,4,7,3,7,7,9,General Fitness Foundation
37,187.1,111.1,31.7,Football,Amateur,Weight Loss,4,8.3,1,5,3,4,5,5,5,General Fitness Foundation
46,185.1,83.8,24.5,Running,Professional,Endurance,2,6.9,0,6,4,9,9,4,3,General Fitness Foundation
49,182.3,102.4,30.8,Basketball,Novice,Strength,5,3.9,1,6,5,8,4,7,3,General Fitness Foundation
40,192.6,93.9,25.3,Basketball,Novice,Power,5,9.3,0,9,4,6,5,8,6,Vertical Jump Pro
40,174.1,64.3,21.2,Basketball,Professional,Flexibility,4,0.7,1,4,7,10,4,9,8,General Fitness Foundation
46,161.2,88.9,34.2,Boxing,Amateur,Endurance,4,5.3,0,9,8,4,3,5,6,General Fitness Foundation
49,175.2,83.3,27.1,Running,Amateur,Weight Loss,6,9.8,0,8,10,9,3,4,7,General Fitness Foundation
22,184.2,63.7,18.8,Football,Amateur,Power,5,5.4,1,6,5,10,8,5,8,General Fitness Foundation
44,163.4,72.7,27.2,Weightlifting,Professional,Muscle Gain,5,4.3,1,5,7,6,10,3,5,General Fitness Foundation
36,175.1,102.5,33.4,Boxing,Amateur,General,2,2.7,0,8,4,5,8,3,6,General Fitness Foundation
47,188.9,84.7,23.7,Weightlifting,Novice,Endurance,2,3.7,0,6,8,3,4,7,8,General Fitness Foundation
36,165.8,110.2,40.1,Football,Amateur,Recovery,4,6.1,0,9,4,6,5,5,10,General Fitness Foundation
48,184.3,104.7,30.8,Running,Novice,Strength,6,5.5,1,3,9,8,6,9,5,General Fitness Foundation
25,164.2,119.4,44.3,Basketball,Amateur,Strength,2,0.7,0,5,4,3,8,7,7,General Fitness Foundation
45,192.8,69.4,18.7,Boxing,Professional,Endurance,6,9.2,0,9,10,4,7,6,5,General Fitness Foundation
49,178.9,70.8,22.1,Weightlifting,Amateur,Speed,6,9.9,0,3,5,10,7,3,7,General Fitness Foundation
16,173.0,83.0,27.7,Weightlifting,Novice,Power,6,5.0,1,7,3,6,5,6,10,General Fitness Foundation
20,164.5,100.3,37.1,Weightlifting,Novice,Weight Loss,4,2.8,0,3,7,7,6,8,7,General Fitness Foundation
36,167.6,77.8,27.7,Running,Professional,Muscle Gain,6,6.5,0,3,4,5,3,5,7,General Fitness Foundation
43,179.3,98.2,30.5,Boxing,Professional,Strength,5,6.4,1,5,9,6,9,6,4,Explosive Punch Power
26,164.9,67.1,24.7,Running,Professional,Weight Loss,6,9.3,1,9,3,10,4,4,5,General Fitness Foundation
42,180.4,89.1,27.4,Running,Novice,Speed,4,0.8,1,6,10,9,5,7,8,General Fitness Foundation
42,185.8,87.4,25.3,Boxing,Professional,Strength,3,2.4,1,10,7,7,4,5,8,Explosive Punch Power
22,170.6,105.0,36.1,Football,Amateur,Flexibility,6,2.3,0,3,5,5,4,9,6,General Fitness Foundation
26,188.6,83.6,23.5,Running,Novice,Strength,6,4.7,0,3,10,3,4,7,10,General Fitness Foundation
19,169.2,73.8,25.8,Boxing,Amateur,Power,6,8.5,0,7,5,8,5,3,10,Explosive Punch Power
43,174.3,117.6,38.7,Boxing,Amateur,General,4,9.7,1,8,4,3,3,8,9,General Fitness Foundation
43,183.2,93.2,27.8,Basketball,Professional,Agility,4,1.8,1,9,10,10,10,5,5,Vertical Jump Pro
19,170.3,76.3,26.3,Football,Amateur,Flexibility,5,4.0,1,6,10,6,8,8,3,General Fitness Foundation
31,191.6,81.4,22.2,Boxing,Amateur,Power,3,9.6,1,10,7,7,9,10,6,Explosive Punch Power
17,186.8,104.5,29.9,Running,Novice,General,5,10.0,0,4,10,9,4,7,10,General Fitness Foundation
48,182.1,79.1,23.9,Weightlifting,Novice,Strength,3,8.0,0,4,6,10,4,9,9,General Fitness Foundation
38,169.2,79.8,27.9,Football,Amateur,Speed,3,6.0,0,7,5,8,5,4,4,Speed Academy
49,178.3,94.1,29.6,Boxing,Professional,Weight Loss,6,7.1,1,10,3,7,3,4,5,General Fitness Foundation
23,189.5,79.7,22.2,Boxing,Novice,Muscle Gain,6,3.3,1,4,6,6,6,9,9,General Fitness Foundation
21,188.5,80.6,22.7,Weightlifting,Professional,Recovery,4,5.4,1,4,8,5,3,5,7,General Fitness Foundation
41,163.8,63.4,23.6,Football,Novice,Weight Loss,5,7.8,0,7,9,3,7,4,8,General Fitness Foundation
31,166.5,67.8,24.5,Basketball,Professional,Recovery,5,7.7,0,4,3,3,3,4,4,Vertical Jump Pro
24,163.7,80.6,30.1,Football,Novice,Speed,4,4.6,1,7,6,4,5,9,7,Speed Academy
38,168.5,96.7,34.1,Boxing,Professional,Recovery,4,0.0,0,4,7,7,9,8,4,General Fitness Foundation
45,162.1,91.1,34.7,Weightlifting,Professional,Endurance,5,2.0,1,8,7,10,3,6,7,General Fitness Foundation
19,187.1,72.1,20.6,Basketball,Amateur,Endurance,3,4.0,1,9,3,8,4,4,7,Vertical Jump Pro
16,173.4,62.1,20.7,Football,Amateur,Weight Loss,4,6.7,1,7,5,9,3,6,5,General Fitness Foundation
17,185.2,108.8,31.7,Boxing,Amateur,General,3,5.7,1,9,4,9,7,10,7,General Fitness Foundation
39,189.2,76.8,21.5,Running,Amateur,Flexibility,6,2.1,0,4,9,10,6,9,4,General Fitness Foundation
37,187.5,106.8,30.4,Boxing,Professional,Endurance,3,5.8,0,8,5,8,10,4,7,General Fitness Foundation
30,164.6,114.4,42.2,Running,Professional,Strength,6,3.2,1,5,8,5,4,5,5,General Fitness Foundation
49,188.0,99.2,28.1,Running,Professional,Agility,6,7.1,0,3,8,3,10,7,7,General Fitness Foundation
46,177.9,108.9,34.4,Football,Professional,General,5,2.5,1,9,10,9,10,8,3,General Fitness Foundation
23,180.6,75.0,23.0,Running,Novice,Recovery,2,9.9,1,3,8,4,3,7,7,General Fitness Foundation
21,180.2,116.5,35.9,Football,Novice,Strength,6,4.6,0,5,10,5,7,8,9,General Fitness Foundation
19,171.1,102.1,34.9,Weightlifting,Novice,Power,6,0.2,1,3,5,9,5,3,9,General Fitness Foundation
16,194.7,99.3,26.2,Boxing,Professional,Endurance,6,4.5,1,3,8,6,8,10,4,General Fitness Foundation
28,172.7,111.0,37.2,Running,Novice,Speed,4,5.8,1,3,7,10,4,3,8,General Fitness Foundation
38,186.4,71.1,20.5,Weightlifting,Professional,Strength,3,9.8,1,8,8,6,3,10,3,General Fitness Foundation
23,175.4,99.5,32.3,Weightlifting,Novice,Recovery,6,9.2,0,5,7,6,4,9,10,General Fitness Foundation
46,179.6,76.5,23.7,Running,Professional,Agility,6,6.1,0,6,9,10,8,6,4,General Fitness Foundation
37,178.1,66.7,21.0,Boxing,Novice,General,5,3.3,1,8,5,7,6,5,4,General Fitness Foundation
20,164.4,94.5,35.0,Running,Amateur,Speed,3,5.0,1,6,10,5,4,9,3,General Fitness Foundation
30,192.0,113.5,30.8,Boxing,Amateur,General,2,5.2,1,7,9,8,4,3,10,General Fitness Foundation
50,188.6,117.0,32.9,Basketball,Amateur,Speed,5,1.8,1,6,8,4,10,4,4,Vertical Jump Pro
18,186.6,105.9,30.4,Boxing,Novice,General,5,0.8,0,7,10,3,8,7,6,General Fitness Foundation
43,171.7,92.4,31.3,Football,Novice,Power,3,6.3,1,9,7,8,6,6,9,General Fitness Foundation
41,169.3,118.6,41.4,Basketball,Amateur,Agility,4,1.4,0,10,7,9,7,5,10,Vertical Jump Pro
43,166.0,80.6,29.2,Boxing,Novice,Muscle Gain,3,2.3,1,7,5,10,7,5,8,General Fitness Foundation
17,167.2,119.9,42.9,Football,Amateur,Recovery,3,5.3,0,7,3,7,8,7,7,General Fitness Foundation
49,164.1,64.4,23.9,Boxing,Novice,Endurance,2,7.8,1,7,6,5,3,7,7,General Fitness Foundation
27,193.8,85.1,22.7,Basketball,Novice,Strength,4,6.2,1,6,6,9,4,7,7,General Fitness Foundation
16,164.6,64.0,23.6,Weightlifting,Amateur,Power,2,3.7,1,4,7,3,3,4,7,General Fitness Foundation
41,189.1,62.5,17.5,Running,Professional,Speed,2,3.6,1,7,10,3,7,9,10,General Fitness Foundation
47,181.0,98.2,30.0,Running,Amateur,Agility,3,3.0,0,9,10,7,8,5,9,General Fitness Foundation
27,191.5,62.1,16.9,Weightlifting,Novice,Weight Loss,4,7.0,0,6,3,8,8,3,6,General Fitness Foundation
37,191.6,85.8,23.4,Weightlifting,Amateur,Weight Loss,5,3.1,0,4,7,6,4,3,5,General Fitness Foundation
20,165.6,70.7,25.8,Running,Novice,Muscle Gain,2,8.6,1,4,7,9,10,5,6,General Fitness Foundation
37,174.4,103.1,33.9,Football,Professional,Power,5,4.1,0,10,10,9,4,8,7,General Fitness Foundation
27,170.3,76.2,26.3,Weightlifting,Amateur,Power,6,2.2,0,4,9,8,9,10,5,General Fitness Foundation
30,189.1,84.4,23.6,Weightlifting,Amateur,Muscle Gain,6,8.7,0,10,7,5,10,10,6,General Fitness Foundation
39,182.3,105.6,31.8,Football,Novice,Recovery,4,6.0,1,4,7,7,6,4,8,General Fitness Foundation
32,185.4,118.1,34.4,Basketball,Novice,Muscle Gain,2,8.7,1,3,5,4,9,5,3,Vertical Jump Pro
21,171.7,77.7,26.4,Boxing,Professional,Recovery,6,4.4,0,5,9,10,3,6,4,General Fitness Foundation
34,188.0,70.9,20.1,Boxing,Novice,Power,3,9.2,0,5,6,10,6,6,9,Explosive Punch Power
37,184.0,100.3,29.6,Boxing,Amateur,Recovery,3,0.6,0,9,6,9,6,10,9,General Fitness Foundation
30,172.6,90.0,30.2,Basketball,Amateur,Recovery,5,0.2,0,7,8,5,9,4,3,Vertical Jump Pro
32,188.3,81.5,23.0,Running,Amateur,Recovery,6,0.1,1,10,5,10,9,5,9,General Fitness Foundation
47,188.8,75.5,21.2,Running,Professional,Flexibility,3,0.4,1,5,3,10,6,10,3,General Fitness Foundation
50,190.8,117.2,32.2,Basketball,Novice,General,5,4.2,1,6,7,7,10,8,6,General Fitness Foundation
17,168.6,117.8,41.4,Basketball,Amateur,Speed,2,0.5,1,6,6,9,8,6,4,General Fitness Foundation
23,175.8,76.4,24.7,Football,Novice,Muscle Gain,2,6.5,0,8,8,3,6,3,4,General Fitness Foundation
47,174.0,74.9,24.7,Basketball,Professional,Weight Loss,4,4.6,1,7,6,4,3,6,7,General Fitness Foundation
25,184.6,119.8,35.2,Weightlifting,Professional,Muscle Gain,3,3.3,1,4,8,6,10,7,7,General Fitness Foundation
44,162.3,85.1,32.3,Basketball,Amateur,Strength,3,5.2,1,4,4,7,3,5,8,Vertical Jump Pro
35,181.4,80.3,24.4,Boxing,Novice,General,5,3.1,1,3,3,7,10,5,3,General Fitness Foundation
29,182.8,88.7,26.5,Weightlifting,Novice,General,6,0.8,1,4,7,8,5,5,4,General Fitness Foundation
46,172.0,112.3,38.0,Basketball,Professional,Flexibility,5,1.9,0,9,4,3,5,4,8,Vertical Jump Pro
49,168.5,79.5,28.0,Football,Novice,Agility,4,4.0,0,9,4,8,9,5,4,Speed Academy
24,187.8,107.0,30.3,Football,Novice,Agility,3,0.6,1,9,6,3,9,5,3,Speed Academy
25,176.5,77.4,24.8,Football,Amateur,Endurance,2,6.3,1,8,5,9,9,9,9,General Fitness Foundation
16,164.6,113.0,41.7,Football,Novice,Agility,2,7.1,0,8,7,7,5,10,5,Speed Academy
23,183.3,88.7,26.4,Football,Professional,Flexibility,4,2.7,0,4,8,7,10,9,5,General Fitness Foundation
46,170.2,64.7,22.3,Boxing,Professional,Speed,3,8.2,0,3,4,9,3,8,10,General Fitness Foundation
35,172.1,96.7,32.6,Running,Novice,General,4,7.3,0,8,6,4,5,10,4,General Fitness Foundation
21,161.3,72.9,28.0,Basketball,Novice,Speed,3,2.0,1,6,7,3,3,8,4,General Fitness Foundation
25,194.2,108.3,28.7,Weightlifting,Amateur,Endurance,2,1.4,1,4,5,9,7,9,10,General Fitness Foundation
29,160.2,80.4,31.3,Boxing,Novice,Endurance,4,5.3,0,10,3,4,7,7,9,General Fitness Foundation
47,189.0,74.1,20.7,Running,Amateur,Endurance,6,8.5,0,6,9,8,10,5,8,General Fitness Foundation
36,165.9,112.4,40.8,Football,Novice,Flexibility,6,3.5,1,4,5,9,4,7,9,General Fitness Foundation
29,173.8,117.0,38.7,Boxing,Novice,Flexibility,6,3.0,1,3,5,5,10,4,6,General Fitness Foundation
24,165.6,103.8,37.9,Weightlifting,Professional,Strength,4,8.2,1,6,4,6,6,6,3,General Fitness Foundation
33,175.2,92.7,30.2,Basketball,Novice,General,6,8.9,0,7,6,3,5,10,7,General Fitness Foundation
28,170.9,71.2,24.4,Football,Novice,Power,6,7.6,1,10,4,8,9,6,7,General Fitness Foundation
29,182.0,107.6,32.5,Weightlifting,Novice,Weight Loss,5,3.8,0,4,8,5,5,6,5,General Fitness Foundation
18,170.0,103.6,35.8,Basketball,Professional,General,4,9.1,1,4,4,5,5,3,4,Vertical Jump Pro
50,166.0,67.9,24.6,Running,Professional,General,5,8.0,0,5,5,4,9,6,5,General Fitness Foundation
40,164.4,64.6,23.9,Basketball,Novice,Agility,6,4.6,1,6,8,8,10,3,10,Vertical Jump Pro
21,170.4,94.3,32.5,Weightlifting,Professional,Muscle Gain,3,0.4,0,4,4,3,7,3,3,General Fitness Foundation
46,189.3,75.9,21.2,Football,Novice,Muscle Gain,2,9.5,1,6,8,5,3,5,4,General Fitness Foundation
47,182.5,94.6,28.4,Boxing,Professional,Speed,3,0.4,1,9,7,6,7,10,4,General Fitness Foundation
26,190.5,88.6,24.4,Weightlifting,Novice,Weight Loss,4,9.4,0,7,8,6,9,4,3,General Fitness Foundation
17,187.5,119.0,33.8,Running,Amateur,Power,5,7.6,0,7,7,3,5,3,8,General Fitness Foundation
21,160.1,115.1,44.9,Running,Professional,General,6,8.9,1,7,7,4,8,4,8,General Fitness Foundation
30,170.9,79.5,27.2,Weightlifting,Novice,Muscle Gain,2,5.5,0,10,5,3,10,7,10,General Fitness Foundation
28,186.3,66.0,19.0,Boxing,Novice,Muscle Gain,2,3.8,1,9,6,6,10,4,7,General Fitness Foundation
48,187.4,76.3,21.7,Running,Amateur,Speed,4,2.0,1,6,7,10,10,10,4,General Fitness Foundation
25,182.8,73.5,22.0,Basketball,Professional,Endurance,5,8.5,0,7,9,5,10,4,9,Vertical Jump Pro
47,184.7,72.5,21.3,Weightlifting,Novice,Agility,5,9.7,0,7,8,10,9,9,7,General Fitness Foundation
48,169.9,117.8,40.8,Running,Professional,Muscle Gain,6,0.8,0,3,4,7,10,3,7,General Fitness Foundation
39,175.2,101.1,32.9,Football,Novice,Speed,5,3.9,0,6,8,10,7,4,10,Speed Academy
38,181.3,95.1,28.9,Football,Novice,Muscle Gain,6,6.7,1,3,8,10,7,4,7,General Fitness Foundation
21,175.2,98.3,32.0,Basketball,Novice,Speed,2,6.6,0,10,3,7,7,10,10,General Fitness Foundation
42,181.2,81.6,24.9,Weightlifting,Amateur,Flexibility,5,9.7,0,9,3,8,7,8,10,General Fitness Foundation
49,181.4,100.2,30.5,Football,Professional,Flexibility,5,9.9,0,4,7,7,8,7,3,General Fitness Foundation
41,162.8,73.2,27.6,Boxing,Amateur,General,3,3.8,0,8,7,10,6,10,7,General Fitness Foundation
39,190.9,77.5,21.3,Football,Professional,Muscle Gain,5,0.9,1,7,4,6,7,3,8,General Fitness Foundation
21,191.9,66.6,18.1,Boxing,Novice,Strength,6,6.6,0,8,10,8,3,8,7,Explosive Punch Power
18,171.7,91.2,30.9,Football,Novice,Strength,3,5.7,0,5,4,4,7,4,5,General Fitness Foundation
47,167.2,110.0,39.3,Running,Professional,Recovery,2,0.6,0,5,4,4,3,4,5,General Fitness Foundation
47,164.0,101.2,37.6,Football,Novice,Strength,5,9.9,1,8,3,5,6,3,7,General Fitness Foundation
25,192.5,78.6,21.2,Basketball,Novice,Weight Loss,3,9.1,1,7,8,5,7,10,8,General Fitness Foundation
44,183.9,78.9,23.3,Boxing,Novice,Speed,4,8.0,0,9,8,3,5,4,3,General Fitness Foundation
29,180.5,77.6,23.8,Football,Professional,Agility,6,6.5,0,10,6,10,10,8,8,Speed Academy
31,169.5,81.7,28.4,Weightlifting,Novice,Weight Loss,2,7.4,1,7,3,3,7,3,7,General Fitness Foundation
27,190.2,85.6,23.7,Football,Amateur,Flexibility,5,3.5,1,3,7,9,8,6,3,General Fitness Foundation
29,181.5,62.0,18.8,Running,Amateur,General,3,0.3,0,6,5,9,5,7,3,General Fitness Foundation
24,174.8,108.9,35.6,Football,Professional,Flexibility,6,1.8,1,4,3,8,4,7,6,General Fitness Foundation
22,171.2,84.7,28.9,Weightlifting,Novice,Endurance,4,4.1,0,8,9,6,10,9,3,General Fitness Foundation
29,166.9,118.1,42.4,Running,Amateur,Agility,3,0.7,1,10,4,9,8,6,3,General Fitness Foundation
50,179.8,89.3,27.6,Football,Amateur,Endurance,2,4.6,0,3,6,7,4,4,5,General Fitness Foundation
36,180.8,66.3,20.3,Basketball,Novice,Endurance,2,6.2,1,8,3,3,7,7,9,General Fitness Foundation
50,167.5,73.8,26.3,Running,Novice,Power,6,2.3,0,4,4,4,9,10,10,General Fitness Foundation
17,167.0,60.3,21.6,Weightlifting,Novice,General,6,4.0,1,10,9,9,3,10,4,General Fitness Foundation
18,172.3,76.5,25.8,Boxing,Amateur,General,4,10.0,0,6,6,4,6,10,3,General Fitness Foundation
46,181.7,86.0,26.0,Weightlifting,Novice,Endurance,4,2.2,0,5,7,9,9,9,9,General Fitness Foundation
20,178.4,81.3,25.5,Boxing,Professional,Muscle Gain,6,9.0,1,7,3,5,7,4,4,General Fitness Foundation
38,190.1,101.2,28.0,Running,Amateur,Speed,6,9.8,1,10,3,9,8,6,5,General Fitness Foundation
20,173.4,114.1,37.9,Football,Amateur,General,4,1.0,1,6,6,5,7,5,7,General Fitness Foundation
27,167.4,102.7,36.6,Boxing,Novice,General,3,9.8,1,5,10,9,5,5,9,General Fitness Foundation
35,167.7,79.2,28.2,Running,Amateur,Endurance,4,0.5,0,4,4,8,7,6,4,General Fitness Foundation
35,169.3,79.9,27.9,Running,Novice,Power,3,7.2,1,9,9,9,3,6,7,General Fitness Foundation
22,168.5,98.8,34.8,Football,Amateur,Endurance,6,2.2,0,4,10,7,9,3,7,General Fitness Foundation
24,176.0,108.8,35.1,Boxing,Novice,Power,5,2.2,0,4,3,8,8,3,4,Explosive Punch Power
24,183.5,80.5,23.9,Boxing,Amateur,Weight Loss,5,1.3,0,5,9,10,6,6,7,General Fitness Foundation
35,182.1,80.7,24.3,Basketball,Professional,Recovery,4,1.4,0,7,7,6,6,3,5,Vertical Jump Pro
30,175.7,100.5,32.6,Boxing,Novice,Power,6,2.8,1,4,10,8,7,9,7,Explosive Punch Power
36,164.3,77.4,28.7,Boxing,Amateur,Flexibility,2,8.2,1,8,8,4,4,8,5,General Fitness Foundation
34,165.1,108.8,39.9,Boxing,Professional,General,2,9.7,0,10,4,4,9,7,8,General Fitness Foundation
40,169.6,103.7,36.1,Running,Amateur,Recovery,3,4.3,1,7,4,10,8,8,6,General Fitness Foundation
32,183.6,119.2,35.4,Football,Amateur,General,4,1.2,0,10,8,4,5,4,3,General Fitness Foundation
40,162.5,103.8,39.3,Weightlifting,Novice,Strength,3,3.4,1,10,5,6,3,6,9,General Fitness Foundation
16,182.7,104.5,31.3,Running,Professional,Recovery,6,3.1,1,7,6,3,10,5,6,General Fitness Foundation
30,163.3,80.2,30.1,Boxing,Professional,Endurance,2,9.9,0,9,9,8,4,4,9,General Fitness Foundation
18,182.6,70.2,21.1,Running,Professional,Weight Loss,2,8.8,0,5,3,3,6,8,7,General Fitness Foundation
34,164.0,61.3,22.8,Weightlifting,Novice,Flexibility,2,0.9,1,3,4,7,4,10,4,General Fitness Foundation
22,174.9,86.0,28.1,Boxing,Amateur,Recovery,5,8.2,1,5,8,5,5,5,9,General Fitness Foundation
18,179.3,73.7,22.9,Weightlifting,Novice,Flexibility,2,2.6,0,5,4,8,10,7,5,General Fitness Foundation
35,165.4,99.4,36.3,Weightlifting,Novice,Weight Loss,3,9.8,1,8,4,7,6,8,9,General Fitness Foundation
16,191.6,110.1,30.0,Basketball,Novice,Power,2,9.4,1,7,8,3,4,7,8,Vertical Jump Pro
39,173.9,97.9,32.4,Football,Professional,Flexibility,5,2.3,0,9,3,7,5,7,9,General Fitness Foundation
20,182.7,119.1,35.7,Football,Professional,Recovery,2,2.1,1,4,9,9,3,5,7,General Fitness Foundation
27,164.2,84.4,31.3,Basketball,Amateur,Speed,3,3.8,1,10,6,4,7,7,5,General Fitness Foundation
38,184.0,107.0,31.6,Weightlifting,Amateur,Agility,6,4.8,1,3,7,8,10,10,5,General Fitness Foundation
41,168.3,87.5,30.9,Football,Novice,Speed,6,3.5,1,5,5,7,8,6,7,Speed Academy
31,164.0,71.1,26.4,Football,Amateur,Strength,5,4.7,0,3,8,4,9,5,5,General Fitness Foundation
26,184.8,108.3,31.7,Weightlifting,Novice,Speed,5,9.5,0,7,10,8,9,9,4,General Fitness Foundation
29,162.7,96.6,36.5,Football,Novice,Strength,2,5.3,0,3,6,8,8,9,8,General Fitness Foundation
47,190.6,111.4,30.7,Basketball,Professional,Speed,2,8.2,1,8,10,5,10,6,3,General Fitness Foundation
50,163.1,74.8,28.1,Football,Amateur,Flexibility,2,0.2,1,9,6,6,9,4,9,General Fitness Foundation
43,173.1,69.4,23.2,Basketball,Amateur,Agility,4,7.3,0,3,6,9,6,9,6,General Fitness Foundation
26,163.8,61.9,23.1,Running,Professional,General,2,9.6,1,10,6,10,5,7,3,General Fitness Foundation
48,171.5,95.1,32.3,Basketball,Novice,Endurance,2,6.3,0,3,10,5,7,6,9,General Fitness Foundation
27,177.8,109.6,34.7,Boxing,Novice,General,5,1.7,0,8,4,4,4,3,4,General Fitness Foundation
36,165.6,95.1,34.7,Running,Amateur,Flexibility,2,8.0,1,10,8,9,6,10,4,General Fitness Foundation
27,160.6,96.3,37.3,Basketball,Novice,General,3,7.6,0,7,10,4,7,5,9,Vertical Jump Pro
31,170.2,68.0,23.5,Boxing,Amateur,Speed,4,3.0,1,3,6,9,8,10,10,General Fitness Foundation
44,175.9,86.2,27.9,Football,Novice,Recovery,6,7.9,1,3,9,5,7,6,8,General Fitness Foundation
37,180.3,64.8,19.9,Weightlifting,Amateur,General,6,4.9,0,7,9,4,7,9,10,General Fitness Foundation
50,171.0,91.3,31.2,Weightlifting,Novice,Strength,3,2.1,0,3,7,10,10,8,3,General Fitness Foundation
40,189.6,88.5,24.6,Running,Novice,Endurance,3,7.1,1,3,8,9,4,8,7,General Fitness Foundation
17,180.4,92.3,28.4,Boxing,Novice,Agility,2,1.5,1,3,4,3,4,10,8,General Fitness Foundation
20,167.0,102.7,36.8,Football,Amateur,Muscle Gain,6,5.8,1,8,10,7,7,10,9,General Fitness Foundation
42,175.2,82.4,26.8,Running,Novice,Agility,6,1.4,1,8,4,3,9,5,10,General Fitness Foundation
36,179.8,98.5,30.5,Running,Novice,Power,5,7.6,0,10,4,3,6,8,6,General Fitness Foundation
46,181.3,118.7,36.1,Weightlifting,Novice,Speed,2,4.2,1,4,3,6,8,7,8,General Fitness Foundation
47,177.1,66.5,21.2,Weightlifting,Novice,Power,2,2.2,1,7,8,9,10,3,7,General Fitness Foundation
29,168.9,79.5,27.9,Basketball,Novice,Agility,3,7.3,0,8,6,9,5,6,3,General Fitness Foundation
20,182.7,73.0,21.9,Running,Amateur,Endurance,6,8.6,1,3,8,3,3,6,8,General Fitness Foundation
47,167.0,88.5,31.7,Running,Amateur,Power,3,0.5,1,4,3,9,6,3,9,General Fitness Foundation
16,173.4,81.4,27.1,Boxing,Amateur,Weight Loss,3,0.8,0,3,6,9,10,8,6,General Fitness Foundation
25,164.6,100.1,36.9,Boxing,Professional,Strength,3,6.8,0,8,3,10,10,3,10,Explosive Punch Power
30,167.1,118.1,42.3,Weightlifting,Professional,Muscle Gain,5,8.3,1,5,9,3,8,7,9,General Fitness Foundation
41,179.5,91.5,28.4,Boxing,Professional,Power,4,5.3,0,8,5,4,7,7,5,Explosive Punch Power
27,173.6,106.3,35.3,Basketball,Professional,General,2,6.4,1,4,4,3,5,9,9,General Fitness Foundation
42,172.5,69.2,23.3,Boxing,Novice,Weight Loss,3,4.2,1,7,8,7,9,8,3,General Fitness Foundation
27,186.6,79.2,22.7,Football,Professional,Power,2,2.0,0,5,3,7,10,9,9,General Fitness Foundation
37,189.0,64.5,18.1,Running,Professional,Speed,5,4.1,1,10,4,5,3,9,5,General Fitness Foundation
34,172.4,104.2,35.1,Running,Professional,Speed,5,8.6,1,10,6,9,5,5,6,General Fitness Foundation
22,182.4,100.8,30.3,Boxing,Amateur,Strength,3,3.1,1,4,7,5,9,7,8,Explosive Punch Power
46,177.7,86.2,27.3,Running,Novice,Endurance,5,7.6,0,6,6,10,6,4,10,General Fitness Foundation
41,182.9,83.3,24.9,Weightlifting,Professional,General,4,9.0,0,9,7,10,10,9,9,General Fitness Foundation
19,177.6,88.4,28.0,Football,Professional,Power,5,6.3,1,4,9,8,10,3,3,General Fitness Foundation
34,169.3,101.2,35.3,Football,Novice,Agility,3,8.8,0,6,3,10,5,9,8,Speed Academy
24,188.4,117.3,33.0,Football,Novice,Recovery,3,4.3,1,3,7,7,6,8,4,General Fitness Foundation
31,192.0,85.8,23.3,Football,Novice,Muscle Gain,5,8.7,1,7,10,6,5,8,4,General Fitness Foundation
45,168.7,60.2,21.2,Running,Amateur,Muscle Gain,2,3.2,0,8,6,10,8,5,8,General Fitness Foundation
39,174.1,118.8,39.2,Basketball,Amateur,Muscle Gain,4,1.5,0,5,5,6,6,6,9,General Fitness Foundation
43,194.5,117.4,31.0,Weightlifting,Amateur,General,4,8.6,0,9,10,6,8,7,5,General Fitness Foundation
24,181.5,73.5,22.3,Weightlifting,Professional,Weight Loss,2,2.1,0,3,7,5,7,3,6,General Fitness Foundation
45,186.9,89.4,25.6,Basketball,Novice,Weight Loss,6,1.9,0,10,10,3,10,10,9,General Fitness Foundation
34,190.0,105.5,29.2,Boxing,Novice,Flexibility,3,6.6,0,4,10,6,9,10,9,General Fitness Foundation
26,170.7,67.2,23.1,Basketball,Professional,Speed,6,2.1,1,7,8,4,8,9,6,General Fitness Foundation
33,176.0,64.4,20.8,Boxing,Novice,Muscle Gain,3,1.3,0,3,9,3,3,6,9,General Fitness Foundation
30,182.5,108.7,32.6,Weightlifting,Professional,Flexibility,3,7.6,1,8,6,9,6,5,7,General Fitness Foundation
44,166.4,76.3,27.6,Weightlifting,Novice,General,3,8.2,0,10,4,5,9,4,4,General Fitness Foundation
22,163.9,118.7,44.2,Basketball,Novice,Weight Loss,4,8.0,0,6,4,4,3,8,3,General Fitness Foundation
50,183.3,80.4,23.9,Basketball,Novice,Muscle Gain,2,5.3,1,8,6,5,7,3,8,Vertical Jump Pro
49,190.1,107.1,29.6,Weightlifting,Amateur,Agility,6,9.7,1,7,10,10,9,10,8,General Fitness Foundation
36,186.6,67.0,19.2,Basketball,Amateur,Agility,3,8.8,0,4,6,3,10,6,10,General Fitness Foundation
48,189.6,115.0,32.0,Weightlifting,Professional,Muscle Gain,6,8.7,1,10,8,5,6,10,5,General Fitness Foundation
33,179.0,70.4,22.0,Boxing,Amateur,Recovery,2,4.9,0,10,6,3,5,10,5,General Fitness Foundation
26,169.4,73.2,25.5,Weightlifting,Amateur,Endurance,4,0.8,0,10,6,10,10,6,9,General Fitness Foundation
21,179.4,102.9,32.0,Football,Professional,Muscle Gain,3,8.7,1,6,3,9,4,10,7,General Fitness Foundation
48,165.6,81.8,29.8,Boxing,Amateur,Endurance,4,7.2,1,9,5,3,7,10,7,General Fitness Foundation
47,192.8,113.8,30.6,Boxing,Amateur,Speed,5,2.4,1,5,3,5,3,3,5,General Fitness Foundation
27,173.0,114.7,38.3,Running,Novice,Speed,2,8.8,1,7,8,5,5,3,4,General Fitness Foundation
31,181.2,107.4,32.7,Weightlifting,Novice,Strength,6,1.0,0,9,6,5,5,4,3,General Fitness Foundation
24,185.1,101.7,29.7,Boxing,Professional,Muscle Gain,6,4.8,0,5,4,4,9,7,6,General Fitness Foundation
24,178.3,119.9,37.7,Running,Professional,Flexibility,4,4.6,1,8,8,5,4,4,9,General Fitness Foundation
32,170.5,92.8,31.9,Football,Amateur,Weight Loss,6,9.0,1,5,8,6,6,10,8,General Fitness Foundation
27,188.1,91.0,25.7,Running,Amateur,Speed,2,9.2,1,6,4,9,7,4,8,General Fitness Foundation
25,175.3,72.8,23.7,Basketball,Amateur,Speed,6,6.8,1,3,6,6,10,4,4,Vertical Jump Pro
16,175.5,94.8,30.8,Running,Novice,Strength,6,4.2,1,8,3,5,9,8,8,General Fitness Foundation
26,177.4,85.6,27.2,Weightlifting,Professional,Endurance,3,6.1,1,8,10,5,10,3,9,General Fitness Foundation
42,175.1,96.2,31.4,Running,Professional,Weight Loss,5,0.1,1,7,8,3,10,4,9,General Fitness Foundation
20,183.6,77.6,23.0,Football,Novice,General,5,4.8,0,6,3,7,10,9,9,General Fitness Foundation
26,179.5,113.4,35.2,Boxing,Professional,Strength,5,1.5,0,7,7,7,5,4,9,Explosive Punch Power
32,189.3,76.1,21.2,Running,Amateur,Muscle Gain,3,4.3,0,7,8,4,4,5,9,General Fitness Foundation
45,189.6,72.9,20.3,Running,Professional,Recovery,2,2.2,0,7,7,9,9,6,7,General Fitness Foundation
29,177.2,94.2,30.0,Weightlifting,Amateur,Agility,2,4.9,1,3,4,9,3,8,10,General Fitness Foundation
20,184.2,78.0,23.0,Boxing,Novice,Strength,3,4.0,0,6,8,10,9,5,7,Explosive Punch Power
28,174.8,116.1,38.0,Boxing,Professional,Recovery,5,9.4,1,6,9,9,3,6,5,General Fitness Foundation
27,181.3,109.2,33.2,Basketball,Amateur,Flexibility,5,7.9,0,8,10,6,10,4,4,Vertical Jump Pro
44,166.5,89.7,32.4,Boxing,Amateur,General,4,4.7,1,10,6,4,7,4,9,General Fitness Foundation
50,178.6,66.8,20.9,Football,Professional,General,5,7.1,1,3,7,4,5,10,5,General Fitness Foundation
33,188.8,88.7,24.9,Basketball,Novice,Strength,2,4.6,0,10,4,3,4,9,7,General Fitness Foundation
37,187.0,78.9,22.6,Running,Amateur,Power,5,9.0,1,6,3,7,5,3,4,General Fitness Foundation
22,190.7,105.6,29.0,Football,Professional,Speed,6,3.2,0,9,7,10,3,7,5,Speed Academy
28,180.9,87.2,26.6,Basketball,Professional,Strength,2,4.2,0,5,7,6,6,8,6,General Fitness Foundation
40,178.3,72.3,22.7,Running,Amateur,Speed,4,8.1,1,3,10,10,4,8,8,General Fitness Foundation
22,162.7,83.5,31.5,Football,Professional,Flexibility,2,9.8,0,9,9,10,10,10,5,General Fitness Foundation
26,181.8,71.7,21.7,Basketball,Amateur,Muscle Gain,5,4.5,1,3,8,4,6,5,6,Vertical Jump Pro
24,174.8,62.3,20.4,Running,Amateur,Speed,3,3.2,1,5,3,4,6,9,10,General Fitness Foundation
31,180.0,108.0,33.3,Running,Amateur,Weight Loss,6,1.5,0,6,9,8,9,5,10,General Fitness Foundation
31,176.6,116.5,37.4,Football,Amateur,Speed,4,1.4,0,8,4,10,4,9,3,Speed Academy
23,171.2,114.7,39.1,Football,Professional,Speed,4,0.6,0,9,3,3,8,3,3,Speed Academy
26,174.7,101.5,33.3,Weightlifting,Amateur,Recovery,6,1.9,0,5,5,9,4,3,5,General Fitness Foundation
32,176.6,95.0,30.5,Boxing,Novice,Speed,6,7.8,0,5,10,6,7,3,9,General Fitness Foundation
43,165.5,84.7,30.9,Basketball,Professional,Recovery,6,9.6,0,7,4,10,4,6,3,General Fitness Foundation
41,163.2,101.2,38.0,Basketball,Professional,Muscle Gain,2,5.8,0,8,9,7,5,4,9,Vertical Jump Pro
25,168.0,64.6,22.9,Running,Novice,Muscle Gain,6,6.7,0,7,9,5,5,7,6,General Fitness Foundation
27,167.6,80.1,28.5,Boxing,Amateur,Strength,5,8.5,0,4,5,5,8,9,7,Explosive Punch Power
30,166.0,96.5,35.0,Boxing,Professional,Speed,6,5.5,0,6,6,3,9,9,6,General Fitness Foundation
42,163.8,83.5,31.1,Basketball,Professional,Strength,6,1.6,0,3,7,5,8,7,9,General Fitness Foundation
35,186.2,95.8,27.6,Weightlifting,Amateur,Power,6,5.5,0,5,9,8,6,9,5,General Fitness Foundation
48,170.1,63.9,22.1,Football,Novice,General,6,0.6,1,3,3,6,5,9,5,General Fitness Foundation
50,170.6,86.8,29.8,Boxing,Novice,Speed,5,3.7,0,7,7,4,10,3,6,General Fitness Foundation
17,192.4,61.2,16.5,Boxing,Amateur,Endurance,6,6.5,1,8,3,3,5,6,9,General Fitness Foundation
23,161.4,111.1,42.6,Football,Novice,Weight Loss,5,6.3,1,7,7,7,5,6,4,General Fitness Foundation
39,189.5,73.6,20.5,Weightlifting,Professional,Speed,6,4.8,0,6,9,8,3,10,7,General Fitness Foundation
44,175.8,107.3,34.7,Football,Professional,Agility,6,5.3,0,5,3,4,7,6,4,Speed Academy
39,169.5,85.5,29.8,Basketball,Professional,General,4,1.4,0,5,4,3,4,6,7,General Fitness Foundation
28,175.5,75.9,24.6,Basketball,Amateur,General,6,2.9,0,4,4,4,6,5,8,Vertical Jump Pro
28,169.0,73.6,25.8,Boxing,Amateur,Recovery,3,1.2,1,5,4,6,8,5,7,General Fitness Foundation
20,173.6,69.0,22.9,Basketball,Amateur,Agility,6,7.7,0,10,7,9,5,9,5,General Fitness Foundation
45,164.4,94.0,34.8,Running,Professional,Agility,2,9.5,0,9,6,5,7,9,5,General Fitness Foundation
20,174.8,86.6,28.3,Basketball,Novice,Weight Loss,6,1.9,0,3,10,5,4,7,9,General Fitness Foundation
23,174.2,97.0,32.0,Weightlifting,Amateur,Speed,5,1.7,0,4,4,3,10,9,3,General Fitness Foundation
45,174.3,105.9,34.9,Basketball,Novice,General,6,2.0,0,5,4,7,3,6,5,General Fitness Foundation
45,165.5,71.1,26.0,Boxing,Novice,Flexibility,4,5.0,0,5,9,3,7,9,10,General Fitness Foundation
43,170.5,89.6,30.8,Weightlifting,Novice,Power,6,3.8,0,5,3,4,7,10,8,General Fitness Foundation
26,165.0,100.2,36.8,Running,Amateur,Weight Loss,2,7.3,0,8,4,7,10,10,3,General Fitness Foundation
41,166.0,97.8,35.5,Football,Amateur,General,6,1.4,1,4,4,4,9,8,8,General Fitness Foundation
40,171.0,81.2,27.8,Boxing,Professional,Power,6,6.8,1,5,6,5,10,7,3,Explosive Punch Power
29,184.3,99.3,29.2,Basketball,Professional,Muscle Gain,2,3.9,1,6,5,9,3,10,3,General Fitness Foundation
32,185.5,89.1,25.9,Running,Amateur,Flexibility,2,2.7,1,5,8,10,4,10,6,General Fitness Foundation
24,194.0,101.5,27.0,Running,Amateur,General,2,3.6,0,8,8,7,10,7,8,General Fitness Foundation
31,184.8,70.0,20.5,Boxing,Novice,Muscle Gain,2,3.6,0,9,9,6,10,6,7,General Fitness Foundation
31,193.7,92.4,24.6,Football,Novice,Endurance,2,6.0,1,8,7,8,6,3,9,General Fitness Foundation
41,170.1,86.2,29.8,Basketball,Amateur,Flexibility,6,1.3,1,7,10,10,3,3,3,Vertical Jump Pro
45,190.2,119.8,33.1,Running,Professional,Speed,2,5.8,1,4,8,9,10,4,10,General Fitness Foundation
38,165.4,100.9,36.9,Football,Amateur,General,5,5.0,1,5,8,3,8,6,9,General Fitness Foundation
22,190.4,96.0,26.5,Football,Novice,Speed,3,0.2,0,5,6,7,4,4,5,Speed Academy
29,174.1,86.3,28.5,Basketball,Amateur,Agility,3,1.0,0,6,10,7,5,10,3,General Fitness Foundation
17,193.6,82.4,22.0,Running,Professional,General,2,9.8,1,4,8,3,6,9,5,General Fitness Foundation
48,178.0,105.9,33.4,Weightlifting,Professional,Agility,5,8.3,1,5,4,5,6,7,10,General Fitness Foundation
37,176.6,78.7,25.2,Weightlifting,Amateur,Speed,5,1.1,1,8,6,6,3,5,10,General Fitness Foundation
47,180.0,76.3,23.5,Football,Novice,Power,2,7.0,0,4,9,9,6,3,5,General Fitness Foundation
41,179.3,80.5,25.0,Running,Amateur,Endurance,4,5.2,0,4,10,4,5,5,10,General Fitness Foundation
35,174.7,78.9,25.9,Weightlifting,Professional,Recovery,2,0.7,0,6,7,10,10,4,4,General Fitness Foundation
39,184.1,65.1,19.2,Football,Amateur,Weight Loss,4,1.0,0,6,9,8,4,8,9,General Fitness Foundation
42,188.2,71.7,20.2,Running,Amateur,Weight Loss,6,3.7,1,8,5,5,5,10,7,General Fitness Foundation
30,181.2,82.4,25.1,Football,Amateur,Muscle Gain,3,0.7,0,9,3,7,10,10,5,General Fitness Foundation
26,171.2,100.3,34.2,Weightlifting,Novice,Flexibility,3,9.3,1,10,3,3,8,10,10,General Fitness Foundation
44,194.8,60.3,15.9,Weightlifting,Amateur,Agility,2,8.4,0,7,8,4,8,8,4,General Fitness Foundation
18,194.3,81.3,21.5,Running,Amateur,Weight Loss,4,1.8,1,6,10,5,8,4,5,General Fitness Foundation
24,181.3,117.3,35.7,Running,Novice,Endurance,6,4.4,1,5,6,4,5,10,8,General Fitness Foundation
33,192.5,86.0,23.2,Weightlifting,Professional,Endurance,4,7.8,0,7,6,7,6,5,7,General Fitness Foundation
17,161.6,93.1,35.7,Weightlifting,Novice,Endurance,5,2.0,1,3,9,8,4,5,7,General Fitness Foundation
43,174.4,68.6,22.6,Weightlifting,Amateur,Strength,6,7.8,0,8,7,5,10,3,6,General Fitness Foundation
40,164.0,87.5,32.5,Boxing,Amateur,Agility,6,0.1,0,4,5,7,4,7,7,General Fitness Foundation
20,176.0,69.3,22.4,Boxing,Amateur,Power,5,4.4,0,8,8,5,4,8,4,Explosive Punch Power
49,173.1,98.6,32.9,Football,Amateur,Power,4,7.7,1,9,10,3,8,6,6,General Fitness Foundation
43,193.8,64.0,17.0,Basketball,Professional,Flexibility,4,2.3,1,8,9,3,5,8,5,General Fitness Foundation
16,172.5,119.0,40.0,Weightlifting,Professional,Endurance,5,7.6,0,8,7,5,10,5,7,General Fitness Foundation
29,189.6,109.6,30.5,Boxing,Professional,Flexibility,2,4.7,1,10,10,4,3,5,3,General Fitness Foundation
34,180.9,95.7,29.2,Football,Amateur,General,6,6.2,0,9,10,7,10,8,8,General Fitness Foundation
50,179.8,98.4,30.4,Running,Novice,Flexibility,5,7.8,1,7,10,3,10,3,10,General Fitness Foundation
28,185.3,65.7,19.1,Running,Professional,Speed,5,7.8,1,7,5,9,7,7,8,General Fitness Foundation
24,164.6,69.9,25.8,Boxing,Novice,General,6,3.4,1,7,10,3,10,3,7,General Fitness Foundation
47,165.7,80.6,29.4,Weightlifting,Professional,Power,3,9.4,0,9,9,9,3,3,5,General Fitness Foundation
37,160.1,93.4,36.4,Weightlifting,Novice,Speed,5,9.8,1,4,4,5,4,5,4,General Fitness Foundation
24,179.9,99.0,30.6,Boxing,Amateur,Flexibility,4,0.5,1,7,4,10,10,9,4,General Fitness Foundation
32,176.0,82.3,26.6,Football,Amateur,Speed,2,9.9,1,4,10,10,4,5,5,Speed Academy
39,182.4,110.0,33.1,Weightlifting,Professional,Strength,3,3.6,0,7,6,3,4,7,9,General Fitness Foundation
30,164.1,111.4,41.4,Weightlifting,Professional,Strength,3,4.0,0,9,10,8,8,6,9,General Fitness Foundation
50,178.7,72.5,22.7,Weightlifting,Amateur,Strength,5,5.2,1,10,6,6,7,9,5,General Fitness Foundation
41,191.5,88.4,24.1,Weightlifting,Professional,General,6,2.9,0,4,7,3,6,6,8,General Fitness Foundation
19,180.9,105.8,32.3,Football,Novice,Strength,4,5.6,0,4,9,7,5,7,8,General Fitness Foundation
44,179.2,89.4,27.8,Football,Novice,Power,2,4.5,0,5,7,9,3,9,9,General Fitness Foundation
33,165.3,62.7,22.9,Basketball,Amateur,Weight Loss,2,1.9,1,7,9,6,10,5,7,Vertical Jump Pro
16,177.3,103.3,32.9,Basketball,Professional,Weight Loss,4,6.7,0,9,6,7,9,9,5,General Fitness Foundation
32,175.9,117.9,38.1,Football,Amateur,General,2,2.2,0,5,7,6,10,7,6,General Fitness Foundation
19,161.4,96.6,37.1,Boxing,Novice,Weight Loss,4,7.3,1,3,7,8,6,5,10,General Fitness Foundation
37,189.2,118.7,33.2,Football,Professional,Weight Loss,3,0.5,0,5,6,5,3,5,4,General Fitness Foundation
37,173.6,109.4,36.3,Weightlifting,Professional,Endurance,3,7.4,0,5,4,7,5,8,8,General Fitness Foundation
19,178.5,112.3,35.2,Weightlifting,Professional,Weight Loss,5,8.2,0,6,5,8,4,3,10,General Fitness Foundation
35,172.5,98.1,33.0,Basketball,Amateur,Power,4,9.1,1,4,4,10,8,9,3,Vertical Jump Pro
45,169.2,84.5,29.5,Running,Professional,Strength,2,0.2,1,9,9,4,4,5,6,General Fitness Foundation
25,192.5,71.3,19.2,Basketball,Novice,Power,4,9.1,1,8,6,7,7,3,9,Vertical Jump Pro
38,191.8,113.4,30.8,Running,Novice,Endurance,3,5.3,1,10,4,3,3,4,4,General Fitness Foundation
39,178.4,93.3,29.3,Running,Professional,Weight Loss,4,9.8,0,5,6,6,10,10,9,General Fitness Foundation
18,178.4,62.1,19.5,Weightlifting,Amateur,Weight Loss,2,9.8,0,8,7,10,5,3,6,General Fitness Foundation
34,165.3,104.1,38.1,Weightlifting,Professional,Speed,2,4.9,0,10,8,5,10,10,4,General Fitness Foundation
43,174.3,113.1,37.2,Boxing,Professional,Agility,2,8.3,0,5,8,4,3,8,4,General Fitness Foundation
39,177.8,72.7,23.0,Basketball,Novice,Agility,3,7.3,0,9,4,9,7,6,9,General Fitness Foundation
36,180.2,117.8,36.3,Basketball,Amateur,Muscle Gain,2,0.6,0,8,4,3,9,3,10,Vertical Jump Pro
19,174.6,65.1,21.4,Boxing,Novice,Speed,4,6.8,1,7,9,10,5,4,8,General Fitness Foundation
37,166.9,112.7,40.5,Football,Novice,Muscle Gain,2,5.6,0,5,6,7,7,10,3,General Fitness Foundation
41,175.0,82.4,26.9,Running,Novice,Strength,6,4.2,0,7,8,4,8,4,7,General Fitness Foundation
22,172.5,74.4,25.0,Basketball,Amateur,Endurance,2,7.3,1,9,7,3,7,9,6,General Fitness Foundation
38,167.2,60.7,21.7,Running,Amateur,Speed,6,1.4,0,5,10,8,5,7,6,General Fitness Foundation
32,172.4,87.9,29.6,Running,Amateur,Endurance,2,3.8,0,6,9,8,4,9,9,General Fitness Foundation
48,176.8,71.8,23.0,Football,Amateur,Speed,4,9.8,0,7,5,5,5,8,8,Speed Academy
26,188.8,93.2,26.1,Boxing,Amateur,General,5,7.7,1,9,9,4,3,10,4,General Fitness Foundation
27,169.4,81.2,28.3,Basketball,Novice,Muscle Gain,3,4.0,0,7,10,4,8,8,10,General Fitness Foundation
23,176.4,72.3,23.2,Basketball,Professional,Strength,6,1.4,0,7,4,10,7,3,10,Vertical Jump Pro
20,163.4,79.8,29.9,Football,Professional,Recovery,6,9.5,0,6,4,3,4,9,9,General Fitness Foundation
23,177.7,107.1,33.9,Football,Professional,Endurance,6,7.3,1,5,5,7,7,9,4,General Fitness Foundation
38,184.7,101.6,29.8,Running,Novice,Flexibility,6,0.2,1,6,10,7,7,5,9,General Fitness Foundation
40,168.9,88.8,31.1,Running,Amateur,Strength,5,6.6,1,4,8,4,6,4,10,General Fitness Foundation
25,169.1,68.0,23.8,Football,Professional,Weight Loss,2,5.5,0,9,9,10,7,5,8,General Fitness Foundation
24,162.9,97.5,36.7,Running,Amateur,Speed,4,8.1,1,6,10,4,8,5,9,General Fitness Foundation
39,174.9,94.2,30.8,Weightlifting,Professional,Agility,4,3.5,1,4,4,3,3,9,4,General Fitness Foundation
47,165.2,81.5,29.9,Boxing,Amateur,Agility,2,3.6,1,6,3,10,3,5,7,General Fitness Foundation
48,186.4,66.9,19.3,Boxing,Professional,Agility,3,4.0,1,6,7,7,6,4,10,General Fitness Foundation
45,171.9,86.3,29.2,Boxing,Novice,Recovery,5,2.8,1,5,5,10,10,6,3,General Fitness Foundation
44,185.1,94.4,27.6,Weightlifting,Novice,Recovery,4,2.0,0,7,3,10,5,5,6,General Fitness Foundation
34,179.5,87.0,27.0,Boxing,Professional,Agility,2,2.1,0,6,10,4,10,6,6,General Fitness Foundation
33,173.3,106.3,35.4,Boxing,Novice,Endurance,2,2.8,1,6,4,3,6,5,5,General Fitness Foundation
47,194.0,63.7,16.9,Football,Amateur,Flexibility,3,0.7,1,7,3,4,7,9,8,General Fitness Foundation
26,176.7,102.0,32.7,Running,Amateur,Agility,3,7.5,0,6,3,10,4,10,6,General Fitness Foundation
45,175.6,99.7,32.3,Football,Amateur,Muscle Gain,3,5.5,0,6,5,6,10,3,4,General Fitness Foundation
35,164.2,96.9,35.9,Basketball,Amateur,Strength,3,7.1,1,4,3,3,8,6,9,General Fitness Foundation
47,163.0,93.3,35.1,Boxing,Amateur,Flexibility,3,1.0,0,7,3,7,6,5,3,General Fitness Foundation
31,170.3,73.7,25.4,Basketball,Amateur,Endurance,5,6.4,1,4,7,5,4,6,10,General Fitness Foundation
44,175.6,117.4,38.1,Boxing,Novice,Recovery,4,9.5,1,10,3,6,10,5,10,General Fitness Foundation
40,191.6,74.2,20.2,Weightlifting,Novice,Strength,5,2.8,1,9,4,10,6,3,5,General Fitness Foundation
43,182.6,114.5,34.3,Basketball,Novice,Muscle Gain,5,9.4,0,5,3,3,7,5,3,Vertical Jump Pro
45,192.2,114.1,30.9,Boxing,Amateur,Endurance,4,1.7,0,5,6,8,7,6,6,General Fitness Foundation
31,176.4,107.6,34.6,Football,Professional,Strength,5,3.4,1,8,4,6,5,10,10,General Fitness Foundation
32,186.6,103.7,29.8,Running,Novice,Power,5,0.8,1,8,6,7,4,5,3,General Fitness Foundation
38,162.2,103.5,39.3,Weightlifting,Amateur,Endurance,5,4.8,0,6,5,9,10,9,10,General Fitness Foundation
21,189.5,119.9,33.4,Boxing,Professional,Muscle Gain,6,8.2,0,5,8,6,3,9,10,General Fitness Foundation
44,160.5,81.9,31.8,Weightlifting,Novice,Strength,6,9.1,0,10,4,3,9,7,9,General Fitness Foundation
21,179.1,70.4,21.9,Boxing,Amateur,Recovery,3,4.0,1,7,3,5,6,5,8,General Fitness Foundation
44,188.4,97.1,27.4,Boxing,Amateur,Strength,3,8.8,0,6,4,9,9,4,8,Explosive Punch Power
33,190.9,71.9,19.7,Running,Amateur,Speed,2,4.0,1,8,6,8,4,4,9,General Fitness Foundation
30,161.2,86.6,33.3,Football,Novice,Endurance,5,5.9,1,9,3,4,6,3,7,General Fitness Foundation
44,178.3,105.2,33.1,Football,Professional,Flexibility,4,1.3,0,8,4,4,8,7,6,General Fitness Foundation
32,189.2,106.9,29.9,Football,Professional,Speed,6,4.2,0,5,4,10,4,3,8,Speed Academy
27,160.4,69.9,27.2,Football,Amateur,General,4,5.6,1,4,9,3,4,10,5,General Fitness Foundation
40,168.4,96.4,34.0,Football,Professional,Strength,5,9.1,1,8,3,9,3,4,10,General Fitness Foundation
17,192.5,94.2,25.4,Boxing,Amateur,Speed,4,9.2,0,6,4,5,4,6,6,General Fitness Foundation
41,191.2,100.1,27.4,Football,Novice,Agility,2,3.0,0,6,10,7,9,6,8,Speed Academy
29,179.1,84.9,26.5,Football,Novice,Endurance,3,4.5,0,7,5,7,10,6,8,General Fitness Foundation
42,187.5,77.1,21.9,Running,Professional,General,5,8.2,1,8,7,3,7,9,7,General Fitness Foundation
33,166.2,94.3,34.1,Football,Novice,Recovery,6,8.2,0,6,7,6,7,3,9,General Fitness Foundation
44,160.9,91.9,35.5,Weightlifting,Novice,Weight Loss,5,7.5,1,10,10,7,9,3,9,General Fitness Foundation
23,186.7,100.6,28.9,Weightlifting,Professional,Speed,3,5.8,1,9,5,4,9,9,5,General Fitness Foundation
25,179.4,113.4,35.2,Boxing,Novice,Agility,6,2.9,1,3,5,6,6,9,3,General Fitness Foundation
23,175.2,116.9,38.1,Football,Amateur,Muscle Gain,3,7.6,0,5,4,6,4,4,10,General Fitness Foundation
16,169.5,101.5,35.3,Basketball,Amateur,Recovery,3,8.2,1,10,7,6,7,9,4,General Fitness Foundation
46,180.4,79.9,24.6,Basketball,Professional,General,5,0.4,1,5,4,7,9,9,9,General Fitness Foundation
47,178.2,115.7,36.4,Football,Professional,Recovery,4,2.1,1,6,7,5,8,3,3,General Fitness Foundation
31,194.1,90.3,24.0,Running,Novice,Agility,6,2.6,1,6,4,8,8,8,10,General Fitness Foundation
23,194.9,87.0,22.9,Running,Amateur,General,5,1.2,1,9,5,5,4,7,4,General Fitness Foundation
31,177.5,73.0,23.2,Basketball,Professional,Flexibility,2,3.8,1,4,10,8,5,6,10,General Fitness Foundation
32,184.0,105.7,31.2,Boxing,Amateur,Strength,4,5.7,1,10,6,9,5,4,4,Explosive Punch Power
31,181.2,112.5,34.3,Boxing,Professional,General,6,7.4,0,7,3,9,4,5,4,General Fitness Foundation
34,191.6,61.9,16.9,Boxing,Amateur,Power,6,9.6,0,5,4,4,7,8,7,Explosive Punch Power
46,179.8,61.4,19.0,Weightlifting,Novice,Power,4,2.9,1,10,8,9,10,8,9,General Fitness Foundation
45,179.0,61.4,19.2,Football,Amateur,Muscle Gain,4,8.9,1,6,10,3,4,5,8,General Fitness Foundation
34,161.6,113.5,43.5,Boxing,Novice,Recovery,2,2.1,1,3,9,7,4,9,8,General Fitness Foundation
45,182.8,115.8,34.7,Boxing,Professional,Weight Loss,5,0.5,0,9,5,9,4,10,5,General Fitness Foundation
22,190.0,92.9,25.7,Football,Amateur,Muscle Gain,6,6.5,1,8,10,5,8,8,5,General Fitness Foundation
33,162.7,94.4,35.7,Football,Novice,Flexibility,2,4.9,0,7,3,7,7,3,5,General Fitness Foundation
40,193.3,115.6,30.9,Weightlifting,Professional,Speed,5,5.4,0,10,9,3,8,10,10,General Fitness Foundation
34,181.0,94.6,28.9,Football,Amateur,General,5,8.3,1,7,5,8,8,9,3,General Fitness Foundation
50,168.9,93.0,32.6,Football,Amateur,Endurance,5,3.2,1,6,9,6,5,5,5,General Fitness Foundation
27,183.1,67.1,20.0,Football,Novice,General,5,2.6,1,7,6,8,3,10,6,General Fitness Foundation
30,182.1,78.4,23.6,Boxing,Amateur,Agility,3,0.9,0,4,4,4,8,7,8,General Fitness Foundation
39,175.8,92.1,29.8,Basketball,Professional,Recovery,2,9.8,1,6,6,8,7,7,6,General Fitness Foundation
47,191.0,89.8,24.6,Basketball,Professional,General,4,3.3,1,9,4,5,3,9,5,General Fitness Foundation
22,181.8,77.9,23.6,Running,Professional,Speed,3,4.2,0,4,6,5,4,9,10,General Fitness Foundation
23,194.7,109.1,28.8,Running,Amateur,Power,3,7.0,0,9,10,6,5,3,5,General Fitness Foundation
28,164.7,76.7,28.3,Basketball,Amateur,Speed,2,3.6,0,9,3,6,3,7,3,General Fitness Foundation
42,165.3,79.0,28.9,Running,Professional,Strength,2,0.4,1,4,10,8,5,6,5,General Fitness Foundation
20,161.4,70.2,26.9,Running,Amateur,Recovery,5,4.2,0,3,9,10,8,8,10,General Fitness Foundation
23,181.0,74.2,22.6,Running,Novice,Strength,2,4.2,0,3,3,7,4,4,7,General Fitness Foundation
48,172.6,90.0,30.2,Basketball,Amateur,Weight Loss,2,8.7,1,8,4,5,9,3,6,Vertical Jump Pro
25,184.8,107.7,31.5,Boxing,Amateur,Agility,2,9.1,1,7,5,9,9,5,10,General Fitness Foundation
28,161.9,91.2,34.8,Weightlifting,Novice,Weight Loss,5,5.6,1,8,3,4,9,9,3,General Fitness Foundation
18,175.4,104.3,33.9,Weightlifting,Novice,Weight Loss,2,1.8,1,6,7,10,3,10,9,General Fitness Foundation
40,167.3,67.8,24.2,Basketball,Novice,Agility,4,7.2,1,6,9,5,3,9,10,General Fitness Foundation
18,194.4,61.0,16.1,Football,Professional,Strength,5,5.7,0,10,4,5,10,6,7,General Fitness Foundation
27,168.0,111.1,39.4,Basketball,Novice,Endurance,4,9.4,1,3,3,10,3,6,10,General Fitness Foundation
44,169.2,79.7,27.8,Running,Novice,Flexibility,6,7.5,0,8,4,6,7,3,10,General Fitness Foundation
22,192.6,83.9,22.6,Boxing,Professional,Agility,5,5.2,1,4,6,5,3,10,3,General Fitness Foundation
31,189.2,80.6,22.5,Boxing,Professional,Endurance,3,1.9,0,3,7,10,6,9,6,General Fitness Foundation
33,166.5,95.7,34.5,Football,Professional,Muscle Gain,5,7.5,1,4,8,10,3,4,9,General Fitness Foundation
39,161.2,79.3,30.5,Football,Amateur,Speed,5,4.2,1,9,10,6,6,6,9,Speed Academy
45,190.0,113.7,31.5,Boxing,Novice,Agility,6,5.3,0,4,9,3,5,8,8,General Fitness Foundation
33,191.1,72.4,19.8,Weightlifting,Novice,Flexibility,5,6.0,1,3,6,5,9,3,8,General Fitness Foundation
27,191.0,112.2,30.8,Running,Novice,Weight Loss,6,9.7,1,6,7,5,10,8,8,General Fitness Foundation
39,180.7,77.1,23.6,Running,Amateur,Agility,4,6.4,0,5,3,4,5,4,3,General Fitness Foundation
47,186.7,70.8,20.3,Boxing,Amateur,Endurance,5,7.5,1,8,6,5,7,7,7,General Fitness Foundation
25,165.9,60.8,22.1,Basketball,Amateur,Strength,2,1.3,0,6,8,6,4,8,7,General Fitness Foundation
46,163.1,60.4,22.7,Running,Novice,General,4,3.8,1,3,3,6,9,9,3,General Fitness Foundation
38,178.3,64.7,20.4,Football,Professional,Muscle Gain,4,3.3,0,3,9,9,5,6,10,General Fitness Foundation
25,178.4,67.6,21.2,Boxing,Professional,Strength,2,5.0,0,6,8,4,5,6,3,Explosive Punch Power
19,168.1,105.9,37.5,Basketball,Novice,Agility,2,9.8,0,6,8,7,4,3,7,Vertical Jump Pro
30,161.0,91.6,35.3,Basketball,Novice,Recovery,2,9.5,1,4,6,6,6,3,9,Vertical Jump Pro
22,164.5,82.6,30.5,Basketball,Novice,Weight Loss,3,9.2,1,8,10,4,7,6,3,General Fitness Foundation
32,185.2,76.4,22.3,Running,Novice,Strength,6,9.6,1,10,10,3,5,7,10,General Fitness Foundation
50,160.7,115.8,44.8,Running,Novice,General,5,4.1,0,8,6,9,4,6,6,General Fitness Foundation
41,166.1,110.0,39.9,Boxing,Amateur,Weight Loss,5,8.2,1,6,10,8,6,7,3,General Fitness Foundation
26,193.3,104.2,27.9,Weightlifting,Professional,Endurance,2,6.1,0,7,7,10,3,7,10,General Fitness Foundation
24,187.9,82.0,23.2,Running,Amateur,Weight Loss,3,7.5,1,10,7,5,7,6,7,General Fitness Foundation
29,168.7,106.5,37.4,Football,Novice,Muscle Gain,2,7.5,0,7,3,9,10,8,9,General Fitness Foundation
16,166.3,62.2,22.5,Weightlifting,Novice,Recovery,3,1.6,1,8,7,5,3,10,3,General Fitness Foundation
26,181.8,96.6,29.2,Weightlifting,Novice,Speed,4,6.5,0,3,10,7,8,7,3,General Fitness Foundation
35,162.9,117.5,44.3,Basketball,Novice,Endurance,3,0.2,0,3,10,3,10,8,4,General Fitness Foundation
20,177.6,103.1,32.7,Football,Amateur,Endurance,3,9.6,1,3,6,6,10,9,3,General Fitness Foundation
35,173.5,84.3,28.0,Basketball,Novice,Recovery,5,6.1,0,8,5,5,9,3,8,Vertical Jump Pro
20,192.8,101.9,27.4,Football,Professional,Strength,3,2.2,1,10,5,10,10,8,8,General Fitness Foundation
45,162.8,110.0,41.5,Running,Novice,Recovery,5,8.3,1,4,4,8,10,8,8,General Fitness Foundation
33,161.8,119.1,45.5,Weightlifting,Amateur,Endurance,2,2.9,0,10,7,5,7,4,4,General Fitness Foundation
28,170.4,60.5,20.8,Weightlifting,Novice,Flexibility,6,9.1,0,7,3,4,7,10,5,General Fitness Foundation
41,193.2,75.4,20.2,Football,Professional,Strength,3,2.3,0,10,8,6,6,4,3,General Fitness Foundation
48,173.1,76.8,25.6,Football,Amateur,Recovery,2,4.8,0,10,9,5,9,9,8,General Fitness Foundation
40,173.9,77.2,25.5,Weightlifting,Amateur,Endurance,2,7.3,0,5,5,9,7,7,10,General Fitness Foundation
19,169.8,86.6,30.0,Weightlifting,Novice,Power,6,3.2,0,7,10,8,3,8,10,General Fitness Foundation
37,170.6,113.5,39.0,Running,Amateur,Weight Loss,5,1.9,0,3,4,8,10,4,10,General Fitness Foundation
44,163.0,111.7,42.0,Boxing,Professional,Agility,6,1.1,1,7,9,6,3,7,6,General Fitness Foundation
35,169.0,74.8,26.2,Running,Amateur,Strength,3,3.4,1,4,3,6,5,4,5,General Fitness Foundation
17,182.1,113.6,34.3,Weightlifting,Amateur,General,2,0.7,1,10,3,10,10,10,8,General Fitness Foundation
44,181.2,60.3,18.4,Basketball,Amateur,General,4,2.7,0,6,8,6,3,10,6,General Fitness Foundation
23,166.1,108.0,39.1,Boxing,Professional,Agility,3,7.1,1,5,6,3,10,4,9,General Fitness Foundation
43,182.1,88.9,26.8,Football,Amateur,Power,4,0.3,1,6,5,4,5,8,7,General Fitness Foundation
49,166.7,86.8,31.2,Football,Novice,Endurance,6,9.1,1,8,4,7,8,8,5,General Fitness Foundation
31,170.4,96.3,33.2,Weightlifting,Professional,Muscle Gain,2,5.0,1,9,10,5,7,7,10,General Fitness Foundation
49,178.0,64.7,20.4,Basketball,Amateur,Strength,5,5.8,0,3,8,4,4,4,10,Vertical Jump Pro
27,182.2,113.7,34.3,Running,Amateur,Weight Loss,4,1.2,0,5,5,6,10,4,7,General Fitness Foundation
30,171.5,81.5,27.7,Basketball,Amateur,Agility,5,9.0,1,7,7,8,5,3,5,Vertical Jump Pro
37,171.1,96.1,32.8,Football,Amateur,Speed,5,5.5,1,3,10,10,9,4,8,Speed Academy
28,168.5,73.5,25.9,Running,Amateur,Speed,4,4.3,1,9,7,6,5,8,9,General Fitness Foundation
16,179.3,116.5,36.2,Boxing,Novice,Agility,6,1.6,0,8,7,6,10,4,9,General Fitness Foundation
28,161.0,99.4,38.3,Basketball,Professional,Muscle Gain,5,7.8,1,7,10,7,8,10,10,General Fitness Foundation
36,187.3,113.1,32.2,Weightlifting,Amateur,Speed,4,0.8,0,9,4,5,10,3,7,General Fitness Foundation
46,187.2,86.3,24.6,Football,Novice,Endurance,6,2.9,1,8,10,7,8,5,4,General Fitness Foundation
38,160.2,108.7,42.4,Basketball,Novice,Flexibility,6,3.0,1,5,5,4,10,4,10,Vertical Jump Pro
34,173.2,81.4,27.1,Basketball,Professional,General,2,8.0,1,6,10,9,3,9,5,General Fitness Foundation
24,181.6,107.5,32.6,Football,Professional,Flexibility,2,8.2,0,10,4,4,6,7,10,General Fitness Foundation
32,194.6,70.2,18.5,Running,Professional,Strength,2,0.5,1,6,9,10,4,3,5,General Fitness Foundation
37,192.6,110.6,29.8,Running,Professional,Recovery,3,2.1,0,9,3,10,5,3,7,General Fitness Foundation
19,187.7,82.8,23.5,Weightlifting,Professional,Endurance,5,9.0,1,4,3,3,10,4,10,General Fitness Foundation
27,194.1,103.9,27.6,Football,Novice,Strength,6,0.3,1,9,8,8,8,5,4,General Fitness Foundation
34,162.6,101.1,38.2,Football,Novice,Agility,6,3.5,0,4,7,4,8,9,4,Speed Academy
47,189.2,111.4,31.1,Basketball,Amateur,Agility,6,0.9,1,4,6,10,7,3,6,Vertical Jump Pro
25,169.3,63.9,22.3,Boxing,Amateur,Strength,4,0.1,0,3,4,4,10,6,10,Explosive Punch Power
35,194.2,92.0,24.4,Running,Novice,Endurance,3,2.4,0,4,4,5,3,10,4,General Fitness Foundation
35,192.4,92.2,24.9,Weightlifting,Professional,Speed,5,3.2,1,7,3,4,3,7,5,General Fitness Foundation
48,182.2,60.9,18.3,Football,Amateur,Weight Loss,5,9.3,0,6,4,10,8,6,3,General Fitness Foundation
28,180.6,111.6,34.2,Football,Amateur,Recovery,2,2.8,0,4,8,9,7,6,9,General Fitness Foundation
28,185.0,82.2,24.0,Running,Amateur,Muscle Gain,5,6.3,1,10,7,4,6,8,5,General Fitness Foundation
50,185.9,67.0,19.4,Running,Amateur,General,4,2.1,1,3,6,9,10,8,5,General Fitness Foundation
26,186.3,108.5,31.3,Weightlifting,Novice,Power,6,7.4,0,4,10,9,3,8,5,General Fitness Foundation
17,163.3,93.3,35.0,Weightlifting,Novice,Power,4,3.8,1,5,5,7,5,5,8,General Fitness Foundation
38,189.1,79.1,22.1,Running,Novice,Weight Loss,2,3.9,1,3,5,7,5,3,3,General Fitness Foundation
42,183.1,87.4,26.1,Weightlifting,Amateur,General,2,1.7,1,6,7,9,8,10,4,General Fitness Foundation
36,160.8,112.7,43.6,Boxing,Novice,Agility,6,8.5,1,7,5,7,4,4,3,General Fitness Foundation
22,169.4,75.6,26.3,Boxing,Novice,Speed,5,9.7,0,8,8,8,7,6,10,General Fitness Foundation
22,177.8,89.9,28.4,Football,Novice,Flexibility,6,2.7,0,10,5,9,7,10,10,General Fitness Foundation
25,176.3,108.3,34.8,Weightlifting,Professional,Flexibility,4,3.8,1,4,8,9,3,10,5,General Fitness Foundation
32,187.1,72.0,20.6,Football,Amateur,Weight Loss,4,4.1,1,8,9,7,9,9,5,General Fitness Foundation
43,172.7,108.2,36.3,Running,Amateur,General,3,1.4,0,8,5,6,7,9,10,General Fitness Foundation
50,189.0,108.4,30.3,Boxing,Professional,Flexibility,5,2.5,0,9,10,7,5,4,9,General Fitness Foundation
38,176.2,101.9,32.8,Football,Professional,General,5,4.4,1,7,9,9,6,5,3,General Fitness Foundation
36,188.4,97.3,27.4,Basketball,Professional,Flexibility,3,6.5,1,5,10,9,8,4,4,Vertical Jump Pro
17,181.5,105.9,32.1,Basketball,Novice,General,5,4.2,1,3,10,8,3,5,8,Vertical Jump Pro
37,167.4,85.9,30.7,Running,Professional,Endurance,6,2.1,1,8,8,5,10,4,5,General Fitness Foundation
28,173.9,87.3,28.9,Running,Amateur,Speed,3,5.7,0,8,8,8,4,10,6,General Fitness Foundation
39,192.2,116.6,31.6,Boxing,Professional,Recovery,5,0.2,1,7,5,3,3,8,8,General Fitness Foundation
45,164.1,79.0,29.3,Football,Professional,Strength,2,0.7,0,6,8,6,3,4,5,General Fitness Foundation
40,160.5,74.3,28.8,Weightlifting,Novice,General,6,7.7,1,7,6,10,8,10,3,General Fitness Foundation
26,193.0,116.3,31.2,Weightlifting,Amateur,Agility,2,7.7,0,6,4,10,3,4,5,General Fitness Foundation
23,190.2,65.9,18.2,Boxing,Professional,Flexibility,2,6.4,1,6,4,8,3,9,9,General Fitness Foundation
38,191.4,89.5,24.4,Weightlifting,Professional,Muscle Gain,4,6.4,1,4,6,6,5,4,9,General Fitness Foundation
30,184.8,96.8,28.3,Football,Amateur,Muscle Gain,4,4.1,0,10,7,4,8,5,8,General Fitness Foundation
28,185.4,63.9,18.6,Running,Amateur,Power,5,2.0,0,9,3,7,8,8,10,General Fitness Foundation
32,167.5,85.0,30.3,Weightlifting,Amateur,General,2,9.0,1,10,4,5,5,7,6,General Fitness Foundation
41,163.8,85.2,31.8,Basketball,Novice,Power,2,0.5,1,7,3,10,8,8,6,Vertical Jump Pro
40,176.8,71.7,22.9,Running,Professional,Weight Loss,3,7.7,0,8,7,10,3,4,3,General Fitness Foundation
40,168.6,79.9,28.1,Basketball,Amateur,Recovery,5,1.9,1,10,10,9,5,10,7,General Fitness Foundation
23,168.7,78.1,27.4,Basketball,Amateur,Strength,6,3.1,1,3,4,8,6,9,3,General Fitness Foundation
39,192.7,80.6,21.7,Weightlifting,Amateur,Strength,4,4.7,1,5,6,3,7,6,7,General Fitness Foundation
19,180.8,110.9,33.9,Weightlifting,Professional,Muscle Gain,6,8.8,1,3,4,3,10,6,6,General Fitness Foundation
19,177.1,100.8,32.1,Basketball,Professional,Muscle Gain,3,9.9,0,6,3,4,4,10,6,General Fitness Foundation
21,171.3,83.2,28.4,Running,Amateur,General,5,4.1,0,10,8,8,8,8,7,General Fitness Foundation
36,167.6,112.2,39.9,Football,Amateur,Strength,3,7.1,1,5,7,8,3,3,3,General Fitness Foundation
28,165.8,80.2,29.2,Running,Professional,Speed,2,4.5,1,9,7,7,3,6,5,General Fitness Foundation
24,194.3,88.6,23.5,Basketball,Professional,Muscle Gain,5,8.8,1,3,7,5,6,5,5,Vertical Jump Pro
34,171.3,63.6,21.7,Football,Professional,Strength,6,6.2,0,9,10,7,5,7,7,General Fitness Foundation
34,194.5,116.9,30.9,Boxing,Amateur,Strength,5,3.3,0,10,10,9,9,3,10,Explosive Punch Power
41,178.9,91.2,28.5,Running,Professional,Endurance,5,9.6,1,7,5,10,8,6,6,General Fitness Foundation
38,173.2,113.5,37.8,Boxing,Novice,Agility,3,6.7,1,5,10,5,10,5,8,General Fitness Foundation
20,172.9,90.8,30.4,Boxing,Professional,Power,3,2.2,1,10,5,4,9,8,6,Explosive Punch Power
40,186.7,67.2,19.3,Weightlifting,Amateur,Agility,4,6.0,0,8,7,8,3,9,8,General Fitness Foundation
26,180.0,61.3,18.9,Boxing,Professional,Weight Loss,6,8.4,0,10,4,8,6,4,6,General Fitness Foundation
21,178.4,71.0,22.3,Running,Novice,Weight Loss,2,2.6,1,6,6,7,7,10,6,General Fitness Foundation
20,186.1,60.6,17.5,Running,Amateur,Weight Loss,4,1.2,0,10,10,6,4,4,10,General Fitness Foundation
29,181.4,118.9,36.1,Weightlifting,Professional,Endurance,5,5.1,1,6,5,3,4,7,9,General Fitness Foundation
33,177.1,91.9,29.3,Weightlifting,Novice,Flexibility,5,8.5,1,3,7,6,4,3,4,General Fitness Foundation
20,185.4,89.2,26.0,Boxing,Amateur,Agility,5,5.8,1,9,9,3,5,5,5,General Fitness Foundation
33,192.2,100.2,27.1,Boxing,Professional,Flexibility,2,6.7,1,10,3,9,10,6,3,General Fitness Foundation
39,190.0,77.6,21.5,Running,Amateur,General,3,0.1,1,8,10,4,5,3,6,General Fitness Foundation
16,193.7,68.3,18.2,Boxing,Novice,Agility,6,5.0,0,6,9,4,9,8,7,General Fitness Foundation
42,188.4,105.6,29.8,Boxing,Professional,Power,4,4.5,1,9,7,6,7,6,4,Explosive Punch Power
18,164.9,106.1,39.0,Football,Novice,Endurance,6,2.6,1,7,9,3,7,6,10,General Fitness Foundation
25,168.8,78.4,27.5,Weightlifting,Novice,Weight Loss,5,2.7,1,5,9,3,5,7,6,General Fitness Foundation
46,183.2,91.1,27.1,Basketball,Amateur,Flexibility,4,1.3,1,4,10,3,4,9,6,General Fitness Foundation
47,169.3,61.4,21.4,Weightlifting,Amateur,Muscle Gain,2,2.8,1,8,3,5,7,3,6,General Fitness Foundation
38,189.8,79.1,22.0,Basketball,Amateur,Speed,2,6.3,1,5,3,4,8,9,5,General Fitness Foundation
34,176.4,111.2,35.7,Basketball,Novice,Weight Loss,5,4.0,0,8,8,7,10,3,7,Vertical Jump Pro
40,174.9,87.4,28.6,Weightlifting,Professional,Recovery,2,9.2,0,4,6,10,10,9,10,General Fitness Foundation
28,193.8,87.1,23.2,Boxing,Amateur,Agility,5,2.5,0,3,10,4,4,7,10,General Fitness Foundation
40,167.7,86.1,30.6,Weightlifting,Novice,Weight Loss,3,6.3,0,9,4,9,5,7,7,General Fitness Foundation
16,190.2,103.9,28.7,Basketball,Amateur,Power,3,9.7,1,8,4,8,4,4,9,Vertical Jump Pro
16,176.1,85.3,27.5,Boxing,Professional,Muscle Gain,2,5.2,0,9,8,9,8,4,6,General Fitness Foundation
20,188.7,111.7,31.4,Football,Amateur,Speed,3,3.1,1,10,6,4,4,4,5,Speed Academy
40,165.6,107.4,39.2,Running,Novice,General,6,2.0,0,6,5,5,7,9,3,General Fitness Foundation
19,190.2,108.8,30.1,Boxing,Amateur,Power,5,2.7,0,8,5,3,8,8,9,Explosive Punch Power
43,176.5,74.2,23.8,Weightlifting,Novice,Flexibility,5,9.3,0,8,9,3,4,10,8,General Fitness Foundation
19,172.2,84.8,28.6,Football,Professional,Speed,6,3.6,1,4,7,6,4,8,3,Speed Academy
41,190.4,73.3,20.2,Boxing,Amateur,Power,3,5.5,1,5,3,5,8,8,5,Explosive Punch Power
22,185.8,63.9,18.5,Running,Professional,Weight Loss,5,8.7,0,4,3,8,6,8,5,General Fitness Foundation
48,160.7,117.3,45.4,Weightlifting,Novice,Agility,5,1.2,1,3,7,9,9,3,8,General Fitness Foundation
41,166.7,71.0,25.5,Football,Amateur,Flexibility,3,2.1,1,6,7,4,7,8,5,General Fitness Foundation
40,162.7,108.9,41.1,Boxing,Professional,Agility,5,7.7,1,7,8,10,8,9,5,General Fitness Foundation
48,173.1,60.4,20.2,Running,Amateur,Agility,3,3.7,1,7,3,3,7,3,4,General Fitness Foundation
22,184.9,90.3,26.4,Basketball,Novice,Speed,4,8.0,1,5,5,6,8,4,7,Vertical Jump Pro
23,176.9,95.2,30.4,Weightlifting,Novice,Endurance,4,6.2,1,10,9,10,7,8,3,General Fitness Foundation
44,168.4,108.8,38.4,Running,Novice,Power,3,8.5,0,4,4,6,7,7,8,General Fitness Foundation
32,171.1,110.3,37.7,Boxing,Amateur,Power,5,8.9,1,9,8,4,9,3,9,Explosive Punch Power
37,175.7,95.5,30.9,Running,Professional,Strength,4,3.2,0,3,6,7,6,3,7,General Fitness Foundation
18,180.0,82.1,25.3,Boxing,Amateur,Power,6,8.8,0,10,4,8,6,10,6,Explosive Punch Power
40,193.0,70.5,18.9,Boxing,Amateur,Muscle Gain,2,6.2,0,9,7,10,3,6,6,General Fitness Foundation
43,190.2,106.2,29.4,Basketball,Novice,General,4,3.5,1,5,5,7,8,10,8,General Fitness Foundation
38,185.4,62.9,18.3,Basketball,Amateur,Recovery,4,5.9,0,3,6,10,9,10,6,General Fitness Foundation
34,172.3,99.5,33.5,Boxing,Amateur,Endurance,2,7.3,0,5,9,4,4,3,3,General Fitness Foundation
19,163.6,76.6,28.6,Football,Amateur,General,6,3.7,1,9,9,9,9,8,6,General Fitness Foundation
23,187.2,92.6,26.4,Boxing,Novice,Agility,3,0.2,0,8,9,7,9,5,8,General Fitness Foundation
49,191.2,84.3,23.1,Running,Novice,Recovery,2,8.0,1,5,6,5,3,3,9,General Fitness Foundation
39,166.5,106.3,38.3,Boxing,Amateur,Recovery,4,0.8,0,8,5,10,3,5,10,General Fitness Foundation
18,173.5,118.4,39.3,Running,Novice,Agility,5,4.6,1,10,4,4,4,8,8,General Fitness Foundation
34,172.5,98.6,33.1,Weightlifting,Professional,Strength,3,5.9,0,7,9,5,4,6,3,General Fitness Foundation
24,185.6,107.8,31.3,Weightlifting,Novice,Weight Loss,4,4.4,1,9,8,6,8,6,9,General Fitness Foundation
39,170.9,100.8,34.5,Boxing,Professional,Agility,3,2.6,1,7,6,4,5,9,10,General Fitness Foundation
32,183.7,78.7,23.3,Running,Novice,Weight Loss,4,2.1,1,7,4,4,3,3,5,General Fitness Foundation
40,191.1,94.1,25.8,Boxing,Amateur,Power,3,7.3,1,6,8,4,9,8,3,Explosive Punch Power
36,168.9,93.1,32.6,Running,Professional,Weight Loss,5,0.4,0,8,4,7,8,9,6,General Fitness Foundation
35,161.2,87.8,33.8,Running,Professional,Recovery,4,0.1,1,3,6,4,6,5,9,General Fitness Foundation
30,181.5,69.1,21.0,Weightlifting,Novice,Strength,2,6.4,0,5,4,7,5,3,8,General Fitness Foundation
36,193.2,76.4,20.5,Boxing,Amateur,Agility,5,8.9,0,7,6,8,4,5,4,General Fitness Foundation
45,163.5,104.3,39.0,Running,Novice,Flexibility,6,9.9,0,9,4,7,4,3,5,General Fitness Foundation
27,186.5,93.5,26.9,Football,Amateur,Endurance,6,2.1,0,3,3,10,4,4,8,General Fitness Foundation
29,174.6,104.6,34.3,Football,Amateur,Speed,4,4.8,1,7,8,3,8,6,10,Speed Academy
25,185.3,65.3,19.0,Boxing,Novice,Power,5,4.7,1,6,8,6,7,3,3,Explosive Punch Power
41,170.8,93.6,32.1,Basketball,Professional,Speed,2,3.0,1,4,5,10,9,5,5,Vertical Jump Pro
16,189.9,115.1,31.9,Weightlifting,Amateur,Flexibility,5,0.1,0,10,8,6,8,10,9,General Fitness Foundation
33,192.9,65.1,17.5,Running,Novice,Power,4,0.6,0,4,8,10,4,7,9,General Fitness Foundation
40,175.8,69.9,22.6,Boxing,Amateur,Power,2,8.8,0,4,5,10,3,7,4,Explosive Punch Power
43,178.2,80.0,25.2,Basketball,Professional,Speed,5,2.3,1,8,10,9,8,4,3,Vertical Jump Pro
36,187.8,89.6,25.4,Basketball,Professional,Muscle Gain,4,2.4,1,3,6,3,9,3,8,Vertical Jump Pro
21,189.5,111.1,30.9,Weightlifting,Amateur,Endurance,3,5.0,1,7,8,9,6,6,3,General Fitness Foundation
16,174.7,65.4,21.4,Boxing,Novice,Strength,5,8.3,1,3,5,3,4,3,8,Explosive Punch Power
36,180.0,70.1,21.6,Boxing,Amateur,Agility,5,2.0,1,3,6,10,7,8,9,General Fitness Foundation
43,165.3,100.7,36.9,Weightlifting,Amateur,Muscle Gain,4,1.8,1,4,3,7,10,6,6,General Fitness Foundation
37,193.4,98.8,26.4,Football,Novice,Flexibility,4,8.4,0,3,10,8,3,7,8,General Fitness Foundation
26,174.8,107.2,35.1,Weightlifting,Professional,Endurance,6,4.2,1,9,3,6,7,8,4,General Fitness Foundation
21,186.3,64.2,18.5,Boxing,Amateur,General,5,8.6,0,6,3,8,5,10,5,General Fitness Foundation
28,168.9,71.4,25.0,Running,Amateur,Strength,3,0.8,0,9,4,7,6,3,6,General Fitness Foundation
32,187.3,105.2,30.0,Football,Amateur,Speed,6,7.8,0,8,3,9,6,7,4,Speed Academy
34,176.5,106.8,34.3,Running,Novice,Weight Loss,3,8.6,1,8,6,4,9,10,6,General Fitness Foundation
18,188.1,79.3,22.4,Boxing,Novice,Agility,6,5.1,0,8,3,7,5,5,5,General Fitness Foundation
39,185.8,87.0,25.2,Football,Amateur,Speed,4,7.7,1,10,9,3,5,7,7,Speed Academy
39,178.2,88.0,27.7,Boxing,Novice,Speed,2,4.6,0,8,10,4,9,9,7,General Fitness Foundation
45,182.9,107.0,32.0,Basketball,Professional,Endurance,3,5.4,1,8,6,9,4,9,7,General Fitness Foundation
20,161.0,71.4,27.5,Basketball,Amateur,Muscle Gain,3,1.9,1,7,3,6,8,4,10,Vertical Jump Pro
39,179.2,75.4,23.5,Football,Amateur,Recovery,3,7.6,1,3,6,6,5,10,7,General Fitness Foundation
25,169.1,110.0,38.5,Basketball,Amateur,Recovery,5,1.8,0,5,8,7,10,10,4,General Fitness Foundation
20,176.9,81.5,26.0,Football,Amateur,Strength,2,2.2,1,8,4,3,10,8,7,General Fitness Foundation
35,164.2,107.9,40.0,Boxing,Novice,General,6,6.0,1,9,6,10,10,6,3,General Fitness Foundation
41,177.6,71.8,22.8,Basketball,Professional,Recovery,5,0.9,0,9,10,5,6,10,3,General Fitness Foundation
42,181.2,88.8,27.0,Basketball,Professional,Flexibility,6,5.8,1,4,4,8,6,9,6,General Fitness Foundation
49,184.8,74.2,21.7,Weightlifting,Novice,Flexibility,6,2.2,1,5,3,9,9,7,9,General Fitness Foundation
27,174.8,102.4,33.5,Weightlifting,Novice,Speed,5,9.6,1,5,3,8,3,8,4,General Fitness Foundation
43,167.2,90.1,32.2,Weightlifting,Professional,Weight Loss,3,2.6,1,8,8,9,9,5,9,General Fitness Foundation
44,185.7,107.4,31.1,Basketball,Amateur,General,3,7.9,0,9,9,6,4,8,5,General Fitness Foundation
19,183.2,119.4,35.6,Football,Amateur,Flexibility,5,6.6,0,7,9,4,10,7,10,General Fitness Foundation
25,169.4,60.6,21.1,Basketball,Novice,Strength,5,4.4,1,3,9,4,5,4,8,Vertical Jump Pro
47,169.5,97.2,33.8,Basketball,Novice,Weight Loss,6,0.4,0,8,4,3,6,4,3,Vertical Jump Pro
37,187.6,79.0,22.4,Running,Novice,General,6,6.6,0,7,8,8,6,6,10,General Fitness Foundation
18,161.2,116.9,45.0,Running,Novice,Flexibility,2,5.2,1,8,7,6,10,3,7,General Fitness Foundation
26,169.8,104.8,36.3,Boxing,Professional,Weight Loss,6,4.9,0,7,5,4,4,7,5,General Fitness Foundation
16,187.3,82.3,23.5,Weightlifting,Amateur,Muscle Gain,2,8.6,0,10,7,5,8,3,4,General Fitness Foundation
32,179.8,92.4,28.6,Running,Amateur,Speed,3,4.2,1,9,10,5,5,7,4,General Fitness Foundation
29,191.4,92.9,25.4,Boxing,Amateur,Agility,4,3.8,0,7,3,7,8,6,4,General Fitness Foundation
30,186.3,114.8,33.1,Boxing,Novice,Muscle Gain,6,1.3,0,10,3,5,7,5,7,General Fitness Foundation
45,173.7,103.7,34.4,Running,Professional,Recovery,5,3.4,1,4,8,5,5,3,6,General Fitness Foundation
23,163.7,112.3,41.9,Boxing,Novice,Power,4,6.5,1,3,3,7,9,7,9,Explosive Punch Power
27,193.4,114.4,30.6,Basketball,Professional,Muscle Gain,5,5.2,0,9,3,3,10,4,9,Vertical Jump Pro
19,182.0,82.3,24.8,Basketball,Novice,Power,6,1.6,0,10,7,7,4,3,7,Vertical Jump Pro
20,188.3,109.0,30.7,Boxing,Amateur,Endurance,4,9.8,0,7,7,10,10,10,4,General Fitness Foundation
39,160.7,101.8,39.4,Boxing,Amateur,Flexibility,2,1.5,1,6,6,4,5,6,6,General Fitness Foundation
49,166.7,75.8,27.3,Boxing,Novice,Weight Loss,5,6.7,0,8,4,4,8,5,10,General Fitness Foundation
32,179.2,119.9,37.3,Football,Amateur,Strength,6,6.7,0,7,4,4,9,9,7,General Fitness Foundation
28,190.5,61.6,17.0,Football,Amateur,Strength,4,2.3,1,10,6,4,5,5,6,General Fitness Foundation
19,173.4,89.6,29.8,Running,Professional,Agility,3,1.8,1,8,5,5,9,10,5,General Fitness Foundation
34,181.3,99.5,30.3,Weightlifting,Novice,Agility,5,7.8,0,4,5,4,8,4,4,General Fitness Foundation
31,180.4,70.3,21.6,Running,Novice,Recovery,3,0.9,0,8,5,9,3,10,7,General Fitness Foundation
39,166.8,90.3,32.5,Basketball,Amateur,Agility,4,8.1,1,10,4,4,4,6,5,General Fitness Foundation
34,167.5,63.8,22.7,Running,Professional,Muscle Gain,6,9.3,0,9,6,8,4,4,10,General Fitness Foundation
22,170.9,108.4,37.1,Weightlifting,Amateur,Weight Loss,2,2.1,0,4,10,4,5,6,6,General Fitness Foundation
23,166.8,62.6,22.5,Boxing,Amateur,Weight Loss,6,4.6,1,10,4,10,7,4,8,General Fitness Foundation
36,173.3,108.5,36.1,Football,Professional,General,5,7.9,0,8,7,9,5,9,7,General Fitness Foundation
26,168.5,62.0,21.8,Football,Professional,Flexibility,2,7.6,0,6,7,3,4,4,9,General Fitness Foundation
16,182.5,65.3,19.6,Weightlifting,Amateur,Strength,6,6.9,0,10,6,7,5,10,9,General Fitness Foundation
35,172.2,75.9,25.6,Running,Professional,General,3,2.8,0,9,8,5,4,10,5,General Fitness Foundation
47,183.0,71.4,21.3,Weightlifting,Novice,Speed,3,1.1,1,6,10,10,4,5,8,General Fitness Foundation
34,163.4,81.7,30.6,Weightlifting,Professional,Muscle Gain,3,5.7,0,3,9,9,3,6,5,General Fitness Foundation
35,172.8,95.5,32.0,Boxing,Amateur,Endurance,2,0.0,1,10,3,5,10,10,10,General Fitness Foundation
31,194.9,107.0,28.2,Running,Novice,Agility,3,7.3,1,4,10,4,7,6,7,General Fitness Foundation
18,181.2,108.8,33.1,Football,Professional,Speed,6,8.3,0,8,6,5,9,6,10,Speed Academy
26,174.0,107.9,35.6,Boxing,Amateur,Muscle Gain,5,7.7,0,6,7,10,4,9,4,General Fitness Foundation
40,179.9,70.5,21.8,Football,Amateur,Power,4,1.6,1,10,4,5,8,6,4,General Fitness Foundation
30,179.5,79.8,24.8,Basketball,Amateur,Endurance,4,3.5,1,7,8,6,4,8,3,General Fitness Foundation
18,186.4,76.1,21.9,Boxing,Amateur,Speed,2,1.8,0,7,9,6,7,9,9,General Fitness Foundation
23,173.7,61.9,20.5,Basketball,Amateur,Flexibility,3,5.4,0,4,4,4,5,9,5,General Fitness Foundation
28,185.0,103.9,30.4,Basketball,Professional,Speed,3,4.9,0,5,5,9,5,10,10,General Fitness Foundation
37,164.4,117.8,43.6,Weightlifting,Amateur,Strength,2,7.5,0,7,5,10,5,9,4,General Fitness Foundation
27,166.8,118.1,42.4,Weightlifting,Novice,General,6,1.6,0,3,9,5,5,6,5,General Fitness Foundation
32,162.4,119.7,45.4,Football,Professional,Flexibility,3,0.7,0,7,3,10,8,3,7,General Fitness Foundation
45,187.5,108.4,30.8,Boxing,Novice,Flexibility,4,9.5,1,10,8,8,6,10,6,General Fitness Foundation
44,183.8,61.2,18.1,Boxing,Novice,Power,5,5.3,1,8,4,10,8,6,10,Explosive Punch Power
23,177.9,71.6,22.6,Boxing,Professional,General,6,5.3,0,7,6,3,9,9,7,General Fitness Foundation
46,191.7,83.9,22.8,Running,Novice,Recovery,2,1.4,0,8,7,3,10,5,3,General Fitness Foundation
20,168.7,85.5,30.0,Football,Amateur,Flexibility,2,8.4,1,4,9,10,10,4,3,General Fitness Foundation
20,181.6,113.6,34.4,Basketball,Amateur,General,5,6.2,1,9,7,10,3,8,9,General Fitness Foundation
23,173.8,114.8,38.0,Weightlifting,Professional,Weight Loss,6,9.9,1,4,7,4,5,5,7,General Fitness Foundation
47,193.8,83.0,22.1,Basketball,Novice,Strength,3,5.5,1,7,6,5,3,5,5,Vertical Jump Pro
43,162.7,106.9,40.4,Boxing,Amateur,Flexibility,4,9.1,1,8,4,4,5,8,6,General Fitness Foundation
48,194.7,93.0,24.5,Running,Novice,Speed,6,2.2,0,3,9,10,6,4,4,General Fitness Foundation
47,162.2,117.1,44.5,Basketball,Amateur,General,2,6.4,1,5,7,10,5,10,6,General Fitness Foundation
16,175.7,88.9,28.8,Basketball,Novice,Recovery,5,7.7,0,5,6,8,4,4,3,Vertical Jump Pro
38,190.7,93.3,25.7,Running,Amateur,General,2,1.7,1,9,6,7,7,4,9,General Fitness Foundation
21,180.2,75.5,23.3,Running,Novice,General,5,2.8,1,3,9,6,9,7,5,General Fitness Foundation
16,181.7,97.3,29.5,Weightlifting,Professional,Endurance,4,3.0,0,7,3,7,6,8,4,General Fitness Foundation
38,166.2,117.8,42.6,Boxing,Amateur,Agility,5,4.7,1,4,8,4,8,5,4,General Fitness Foundation
43,191.2,85.0,23.3,Weightlifting,Professional,Weight Loss,6,8.1,0,5,7,10,8,3,3,General Fitness Foundation
48,189.9,91.7,25.4,Basketball,Professional,General,2,10.0,0,4,7,7,3,3,3,Vertical Jump Pro
46,168.9,94.5,33.1,Boxing,Amateur,Strength,6,1.4,0,3,3,4,3,9,10,Explosive Punch Power
38,171.6,88.8,30.2,Weightlifting,Amateur,Weight Loss,2,0.9,0,6,9,4,7,3,6,General Fitness Foundation
24,172.0,82.7,28.0,Running,Novice,Flexibility,2,9.2,0,10,8,9,8,4,9,General Fitness Foundation
48,187.3,66.9,19.1,Boxing,Professional,Agility,2,8.0,0,7,4,7,6,10,3,General Fitness Foundation
27,175.4,75.6,24.6,Boxing,Professional,Agility,5,4.9,0,9,5,6,5,4,10,General Fitness Foundation
42,184.2,86.5,25.5,Basketball,Novice,Flexibility,5,0.8,0,7,8,5,3,5,4,Vertical Jump Pro
23,194.8,93.4,24.6,Weightlifting,Novice,Recovery,6,2.9,1,5,10,5,6,3,9,General Fitness Foundation
22,193.9,95.4,25.4,Running,Novice,Strength,2,4.5,0,5,10,4,10,8,3,General Fitness Foundation
17,165.9,83.6,30.4,Weightlifting,Amateur,General,5,2.3,1,5,10,6,8,4,9,General Fitness Foundation
25,178.1,103.4,32.6,Football,Amateur,Muscle Gain,3,2.8,1,9,6,6,3,8,3,General Fitness Foundation
17,185.5,113.7,33.0,Football,Professional,Recovery,3,1.7,1,4,10,5,8,5,8,General Fitness Foundation
40,167.0,119.5,42.8,Weightlifting,Professional,Agility,4,1.0,0,6,3,9,10,3,9,General Fitness Foundation
35,185.5,86.3,25.1,Weightlifting,Novice,Muscle Gain,4,1.1,0,6,3,5,4,10,8,General Fitness Foundation
48,169.3,110.6,38.6,Weightlifting,Amateur,Agility,5,4.3,0,5,9,7,6,3,10,General Fitness Foundation
16,186.0,114.4,33.1,Football,Amateur,Weight Loss,5,8.6,0,5,3,7,3,10,4,General Fitness Foundation
18,175.7,103.9,33.7,Weightlifting,Novice,Strength,6,0.8,0,5,3,9,4,7,10,General Fitness Foundation
23,177.5,91.2,28.9,Running,Amateur,Power,4,9.0,1,4,4,7,7,9,6,General Fitness Foundation
45,176.3,112.6,36.2,Football,Amateur,Endurance,2,2.4,0,6,4,5,4,5,9,General Fitness Foundation
20,188.0,112.8,31.9,Football,Professional,Agility,4,6.2,1,9,9,7,4,8,5,Speed Academy
40,190.1,93.7,25.9,Weightlifting,Professional,Flexibility,4,8.2,1,9,8,7,8,6,7,General Fitness Foundation
30,172.8,60.1,20.1,Basketball,Professional,Strength,4,6.2,0,10,4,9,4,10,5,General Fitness Foundation
48,183.8,117.5,34.8,Running,Professional,Power,4,1.5,1,3,3,9,5,4,7,General Fitness Foundation
25,177.1,114.1,36.4,Running,Amateur,General,2,1.5,0,4,8,4,9,9,6,General Fitness Foundation
38,175.1,82.7,27.0,Running,Novice,Agility,6,5.4,0,5,7,5,4,9,6,General Fitness Foundation
32,186.1,89.2,25.8,Boxing,Professional,Strength,3,3.9,0,9,6,8,5,6,4,Explosive Punch Power
21,182.5,117.1,35.2,Running,Novice,Endurance,3,1.6,1,6,9,8,5,6,6,General Fitness Foundation
22,161.0,70.3,27.1,Boxing,Novice,Strength,3,7.7,1,8,5,4,4,8,4,Explosive Punch Power
43,190.9,105.5,28.9,Running,Amateur,Weight Loss,3,9.2,0,8,4,10,8,7,4,General Fitness Foundation
23,176.2,79.3,25.5,Football,Professional,Agility,6,9.7,1,8,9,9,5,6,9,Speed Academy
35,173.8,62.8,20.8,Football,Amateur,Strength,4,0.5,1,6,5,9,4,4,5,General Fitness Foundation
42,187.5,98.0,27.9,Weightlifting,Amateur,Power,2,1.5,1,5,7,6,3,5,6,General Fitness Foundation
33,168.4,69.8,24.6,Running,Professional,Speed,5,0.5,0,10,9,4,6,9,9,General Fitness Foundation
18,193.2,66.6,17.8,Running,Professional,Speed,6,7.7,0,5,10,10,6,4,10,General Fitness Foundation
18,183.8,60.6,17.9,Basketball,Professional,General,5,9.4,1,6,5,6,7,4,8,Vertical Jump Pro
43,162.3,81.1,30.8,Running,Professional,Endurance,5,8.7,1,4,9,3,6,4,10,General Fitness Foundation
35,186.2,110.5,31.9,Football,Novice,General,6,9.5,1,3,9,3,4,6,10,General Fitness Foundation
27,160.6,62.8,24.3,Boxing,Amateur,General,3,2.8,0,6,9,4,9,8,4,General Fitness Foundation
20,167.8,117.6,41.8,Basketball,Novice,Weight Loss,6,4.9,0,4,9,8,10,4,10,Vertical Jump Pro
35,183.6,66.1,19.6,Football,Professional,Weight Loss,4,2.0,0,6,10,9,5,10,9,General Fitness Foundation
29,173.5,60.2,20.0,Running,Amateur,Power,4,1.4,0,4,3,9,6,7,5,General Fitness Foundation
17,184.7,75.2,22.0,Running,Novice,General,6,4.2,1,7,5,3,10,10,9,General Fitness Foundation
35,174.0,98.5,32.5,Football,Professional,Power,3,6.0,1,9,4,4,6,6,5,General Fitness Foundation
40,186.2,70.3,20.3,Football,Amateur,Recovery,6,4.9,1,4,9,9,5,8,3,General Fitness Foundation
43,165.3,65.4,23.9,Boxing,Amateur,Endurance,2,3.5,0,9,10,8,9,10,6,General Fitness Foundation
44,180.7,78.0,23.9,Weightlifting,Professional,Strength,6,1.4,0,9,10,8,6,8,5,General Fitness Foundation
23,190.2,115.1,31.8,Weightlifting,Professional,Flexibility,4,1.3,1,8,9,4,5,8,5,General Fitness Foundation
29,177.5,110.9,35.2,Weightlifting,Amateur,Flexibility,6,9.2,1,3,7,10,10,5,3,General Fitness Foundation
20,177.6,94.7,30.0,Weightlifting,Amateur,General,4,2.4,1,7,8,8,10,4,7,General Fitness Foundation
38,175.1,86.7,28.3,Running,Novice,Strength,3,1.4,1,7,6,5,5,3,4,General Fitness Foundation
19,186.5,101.8,29.3,Weightlifting,Professional,Speed,5,1.1,0,6,9,4,10,7,6,General Fitness Foundation
32,171.4,94.9,32.3,Boxing,Novice,General,6,4.4,1,7,3,4,10,4,7,General Fitness Foundation
26,175.9,99.2,32.1,Boxing,Professional,Power,3,7.1,0,5,6,10,6,8,9,Explosive Punch Power
31,178.8,69.6,21.8,Boxing,Professional,Speed,2,4.0,1,4,3,9,5,5,3,General Fitness Foundation
29,173.4,108.2,36.0,Running,Professional,Muscle Gain,5,7.3,0,8,6,10,7,3,3,General Fitness Foundation
43,193.9,94.5,25.1,Football,Novice,Flexibility,3,2.5,0,5,4,6,9,8,5,General Fitness Foundation
21,193.4,61.7,16.5,Basketball,Novice,Agility,2,8.7,1,6,5,5,3,7,6,General Fitness Foundation
38,163.3,113.7,42.6,Basketball,Professional,Strength,2,2.0,1,8,4,3,10,6,9,General Fitness Foundation
49,183.9,95.8,28.3,Basketball,Amateur,Weight Loss,2,3.5,1,7,6,8,4,5,5,Vertical Jump Pro
28,175.5,117.5,38.1,Football,Professional,Endurance,2,5.7,0,10,4,5,10,4,6,General Fitness Foundation
49,193.6,109.2,29.1,Football,Amateur,Agility,3,9.9,1,5,9,10,3,4,5,Speed Academy
22,192.5,71.0,19.2,Basketball,Novice,Strength,5,0.3,1,3,4,4,7,4,7,Vertical Jump Pro
22,193.1,85.9,23.0,Football,Amateur,Muscle Gain,5,6.9,0,7,9,3,10,4,5,General Fitness Foundation
40,194.3,68.3,18.1,Weightlifting,Amateur,Muscle Gain,5,9.8,0,7,3,5,3,10,8,General Fitness Foundation
40,190.5,64.5,17.8,Weightlifting,Professional,Weight Loss,4,3.1,0,8,10,8,4,8,4,General Fitness Foundation
19,186.3,64.4,18.6,Football,Amateur,Weight Loss,2,2.6,0,3,7,4,7,3,4,General Fitness Foundation
36,172.2,114.4,38.6,Boxing,Novice,Strength,6,2.1,0,6,5,5,5,6,7,Explosive Punch Power
26,182.8,97.5,29.2,Running,Professional,Muscle Gain,4,8.8,0,3,4,10,3,5,3,General Fitness Foundation
18,173.1,95.7,31.9,Weightlifting,Novice,Endurance,5,5.9,1,3,4,6,7,8,7,General Fitness Foundation
35,176.9,75.4,24.1,Running,Professional,Recovery,4,9.7,1,6,6,5,6,3,8,General Fitness Foundation
50,190.7,81.1,22.3,Weightlifting,Novice,Endurance,6,9.0,1,10,4,10,4,5,7,General Fitness Foundation
40,180.2,112.3,34.6,Basketball,Novice,Strength,2,5.1,0,9,7,5,9,6,4,General Fitness Foundation
27,169.7,74.4,25.8,Boxing,Amateur,Recovery,3,1.9,1,7,7,5,3,7,5,General Fitness Foundation
34,187.4,66.6,19.0,Football,Amateur,Speed,4,5.0,0,8,10,7,8,3,7,Speed Academy
48,178.1,97.9,30.9,Boxing,Professional,Strength,6,8.1,0,7,10,6,6,4,3,Explosive Punch Power
48,183.6,69.5,20.6,Weightlifting,Amateur,Recovery,2,1.9,0,5,10,9,6,4,7,General Fitness Foundation
23,172.8,82.6,27.7,Boxing,Novice,Endurance,2,5.2,1,5,7,7,6,6,3,General Fitness Foundation
44,190.7,86.4,23.8,Football,Novice,Flexibility,2,3.9,0,9,10,10,8,3,7,General Fitness Foundation
16,172.1,83.5,28.2,Boxing,Novice,Strength,5,9.7,0,7,3,3,3,3,5,Explosive Punch Power
22,186.2,105.5,30.4,Basketball,Novice,Power,4,3.2,1,3,4,3,4,4,8,Vertical Jump Pro
25,175.2,76.1,24.8,Weightlifting,Professional,Recovery,4,8.2,0,6,6,9,6,7,6,General Fitness Foundation
31,164.1,71.3,26.5,Basketball,Amateur,Power,2,5.6,0,8,4,6,8,10,8,Vertical Jump Pro
28,175.3,95.6,31.1,Boxing,Amateur,Recovery,2,4.6,1,5,3,9,9,7,3,General Fitness Foundation
38,187.1,110.2,31.5,Running,Amateur,Agility,3,4.8,1,9,3,6,9,3,4,General Fitness Foundation
27,167.6,74.5,26.5,Weightlifting,Professional,Speed,2,8.5,0,3,4,6,3,5,4,General Fitness Foundation
31,170.1,114.2,39.5,Running,Amateur,Weight Loss,3,9.8,1,8,4,4,10,10,4,General Fitness Foundation
26,179.5,84.2,26.1,Boxing,Professional,Muscle Gain,5,7.7,0,3,7,10,4,5,10,General Fitness Foundation
42,185.4,112.1,32.6,Football,Amateur,Flexibility,5,3.5,0,7,9,7,5,9,7,General Fitness Foundation
26,162.9,66.0,24.9,Boxing,Novice,Speed,2,6.8,0,5,4,8,10,7,10,General Fitness Foundation
37,169.0,73.3,25.7,Running,Amateur,General,2,4.8,0,4,6,9,5,4,4,General Fitness Foundation
48,174.5,87.7,28.8,Basketball,Novice,Power,5,3.4,1,8,8,9,8,8,5,Vertical Jump Pro
19,192.5,63.4,17.1,Basketball,Professional,Endurance,4,8.0,1,10,10,8,9,9,9,General Fitness Foundation
20,192.2,66.3,17.9,Football,Novice,Power,4,3.3,1,7,10,6,10,4,6,General Fitness Foundation
20,184.7,108.8,31.9,Weightlifting,Amateur,General,5,2.0,0,10,7,3,10,4,3,General Fitness Foundation
25,193.0,63.3,17.0,Weightlifting,Novice,Strength,5,1.8,0,4,6,8,5,10,4,General Fitness Foundation
27,172.2,74.0,25.0,Basketball,Amateur,Agility,2,6.3,1,3,3,10,10,4,3,Vertical Jump Pro
46,164.9,76.4,28.1,Weightlifting,Amateur,Agility,5,2.1,0,4,8,8,6,5,6,General Fitness Foundation
41,186.1,76.9,22.2,Football,Novice,Muscle Gain,2,6.1,0,8,3,10,3,5,4,General Fitness Foundation
44,160.9,115.8,44.7,Basketball,Professional,Endurance,5,2.8,1,8,4,4,9,6,10,General Fitness Foundation
47,183.5,105.0,31.2,Boxing,Novice,Power,4,1.0,0,7,7,6,6,6,4,Explosive Punch Power
29,187.0,73.6,21.0,Football,Professional,Muscle Gain,5,8.0,1,8,4,6,4,5,4,General Fitness Foundation
44,162.6,101.9,38.5,Boxing,Professional,Weight Loss,4,5.9,0,9,5,6,9,7,10,General Fitness Foundation
36,178.4,117.2,36.8,Running,Novice,General,6,9.5,1,9,9,5,7,7,4,General Fitness Foundation
46,177.9,96.8,30.6,Running,Professional,Recovery,3,0.2,0,9,4,6,4,8,5,General Fitness Foundation
28,182.7,108.3,32.4,Football,Novice,Endurance,3,2.9,0,10,8,7,4,3,9,General Fitness Foundation
35,190.1,73.2,20.3,Weightlifting,Amateur,Weight Loss,6,7.5,0,9,3,7,3,5,8,General Fitness Foundation
28,179.7,78.5,24.3,Football,Novice,Speed,5,4.8,1,7,8,4,8,9,6,Speed Academy
47,178.1,96.4,30.4,Running,Amateur,Speed,2,5.3,0,5,9,3,7,5,5,General Fitness Foundation
39,182.7,113.6,34.0,Football,Professional,Endurance,3,0.8,1,9,10,7,9,6,10,General Fitness Foundation
18,162.0,91.0,34.7,Running,Professional,Agility,2,0.1,0,7,10,8,6,6,8,General Fitness Foundation
20,160.2,92.3,36.0,Weightlifting,Novice,Endurance,3,0.2,1,6,8,3,8,10,7,General Fitness Foundation
24,176.6,89.0,28.5,Weightlifting,Professional,General,4,7.1,0,6,10,3,3,3,7,General Fitness Foundation
30,179.8,94.2,29.1,Weightlifting,Amateur,Strength,3,8.7,0,10,6,5,7,3,7,General Fitness Foundation
36,167.4,94.1,33.6,Weightlifting,Amateur,Muscle Gain,5,1.8,0,10,9,4,7,10,3,General Fitness Foundation
27,174.2,70.5,23.2,Boxing,Professional,Muscle Gain,2,7.0,1,9,5,10,9,3,10,General Fitness Foundation
18,178.6,93.2,29.2,Boxing,Professional,Speed,6,6.2,0,7,8,3,9,6,6,General Fitness Foundation
32,168.9,66.7,23.4,Basketball,Professional,Strength,5,9.2,0,5,4,9,4,9,7,General Fitness Foundation
43,174.1,93.6,30.9,Weightlifting,Professional,Strength,5,1.6,0,5,8,4,9,9,5,General Fitness Foundation
50,160.8,71.1,27.5,Running,Amateur,General,6,6.1,1,10,7,4,3,10,9,General Fitness Foundation
19,188.5,89.8,25.3,Basketball,Novice,Muscle Gain,4,9.6,1,3,4,3,4,8,4,General Fitness Foundation
29,192.4,86.6,23.4,Boxing,Novice,Agility,4,0.9,0,9,6,4,9,7,4,General Fitness Foundation
48,194.5,75.5,20.0,Weightlifting,Professional,Speed,4,9.6,1,8,9,5,6,4,5,General Fitness Foundation
39,168.6,114.1,40.1,Boxing,Novice,Speed,5,0.3,1,4,8,4,5,3,6,General Fitness Foundation
38,185.7,82.2,23.8,Basketball,Professional,Muscle Gain,4,9.2,0,4,4,3,10,7,7,General Fitness Foundation
50,168.8,83.6,29.3,Weightlifting,Amateur,Weight Loss,5,0.5,1,10,6,6,8,3,7,General Fitness Foundation
30,178.9,103.1,32.2,Weightlifting,Novice,Weight Loss,5,4.6,0,8,6,3,3,7,5,General Fitness Foundation
16,169.1,94.4,33.0,Boxing,Novice,Recovery,5,8.8,1,3,3,9,3,7,7,General Fitness Foundation
48,170.7,76.8,26.4,Basketball,Novice,Speed,2,8.2,1,9,8,3,6,8,7,General Fitness Foundation
22,183.0,79.2,23.6,Running,Professional,General,6,7.9,1,6,8,7,9,9,8,General Fitness Foundation
26,192.7,61.6,16.6,Running,Amateur,Muscle Gain,4,5.6,1,4,7,6,8,4,10,General Fitness Foundation
22,172.9,81.3,27.2,Weightlifting,Amateur,Agility,4,0.6,0,9,7,4,6,10,3,General Fitness Foundation
32,179.9,88.8,27.4,Basketball,Novice,Weight Loss,2,3.8,1,6,6,6,4,6,3,General Fitness Foundation
50,163.6,77.9,29.1,Running,Novice,Agility,4,7.4,1,4,7,8,4,4,4,General Fitness Foundation
22,175.7,75.9,24.6,Weightlifting,Amateur,Weight Loss,2,0.0,1,7,4,9,4,9,4,General Fitness Foundation
43,167.7,114.7,40.8,Basketball,Novice,Flexibility,3,2.8,1,7,4,7,5,10,5,General Fitness Foundation
17,194.7,64.2,16.9,Football,Novice,General,5,0.5,1,3,7,9,6,10,8,General Fitness Foundation
17,193.0,66.9,18.0,Basketball,Professional,Recovery,5,5.5,1,9,10,4,5,10,8,General Fitness Foundation
37,174.6,77.5,25.4,Weightlifting,Professional,Power,6,2.6,0,4,3,7,10,9,5,General Fitness Foundation
25,175.2,92.3,30.1,Basketball,Professional,Power,2,2.2,1,5,3,8,6,8,8,Vertical Jump Pro
46,191.5,73.7,20.1,Basketball,Novice,Recovery,2,1.8,1,5,5,5,10,5,4,Vertical Jump Pro
28,188.9,106.1,29.7,Football,Professional,General,4,6.2,1,9,9,10,6,9,3,General Fitness Foundation
24,192.4,72.9,19.7,Running,Novice,General,4,7.7,0,9,8,5,7,3,3,General Fitness Foundation
33,167.2,67.8,24.3,Football,Novice,Power,5,4.3,1,4,10,7,3,8,7,General Fitness Foundation
43,167.4,74.8,26.7,Football,Amateur,Flexibility,6,5.3,1,3,3,8,3,7,5,General Fitness Foundation
28,161.2,81.1,31.2,Weightlifting,Professional,Agility,6,8.5,0,5,5,7,8,3,4,General Fitness Foundation
30,166.1,71.5,25.9,Boxing,Novice,Weight Loss,5,0.0,1,8,7,7,5,6,3,General Fitness Foundation
24,168.7,78.7,27.7,Running,Amateur,Endurance,6,7.6,0,5,3,10,7,3,6,General Fitness Foundation
49,166.2,84.7,30.7,Running,Novice,Muscle Gain,4,3.6,0,10,7,3,9,7,4,General Fitness Foundation
50,166.8,98.5,35.4,Basketball,Novice,Endurance,5,9.5,1,7,8,3,10,7,7,General Fitness Foundation
44,175.9,111.6,36.1,Running,Novice,Agility,3,8.7,0,4,8,10,5,4,4,General Fitness Foundation
21,171.0,67.3,23.0,Weightlifting,Amateur,Strength,3,2.7,1,4,10,9,7,9,6,General Fitness Foundation
38,162.6,63.8,24.1,Weightlifting,Novice,Endurance,6,1.6,0,7,6,8,4,3,5,General Fitness Foundation
29,169.8,112.7,39.1,Running,Professional,Recovery,2,6.0,1,9,8,8,6,3,5,General Fitness Foundation
37,174.1,82.4,27.2,Football,Novice,Strength,3,9.7,0,9,9,3,6,3,8,General Fitness Foundation
41,169.0,68.6,24.0,Boxing,Amateur,General,2,8.6,1,7,4,9,3,8,5,General Fitness Foundation
24,162.9,110.3,41.6,Football,Novice,General,5,6.4,0,10,3,5,3,5,10,General Fitness Foundation
18,184.8,87.1,25.5,Weightlifting,Novice,Recovery,2,5.2,0,9,3,6,5,7,8,General Fitness Foundation
35,181.4,77.4,23.5,Football,Novice,Power,5,6.9,1,9,6,5,10,4,10,General Fitness Foundation
38,170.5,99.7,34.3,Weightlifting,Novice,Power,4,1.6,1,10,4,8,3,5,5,General Fitness Foundation
36,191.4,68.0,18.6,Boxing,Novice,Flexibility,5,9.9,0,8,4,4,9,6,10,General Fitness Foundation
39,185.6,109.6,31.8,Football,Professional,General,5,9.4,1,7,6,9,3,4,9,General Fitness Foundation
33,188.5,116.5,32.8,Weightlifting,Amateur,Endurance,4,8.7,1,9,5,8,3,9,8,General Fitness Foundation
27,160.7,112.2,43.4,Running,Amateur,General,6,1.2,1,10,5,5,5,4,6,General Fitness Foundation
32,187.9,85.4,24.2,Running,Professional,Speed,6,3.6,0,7,6,7,10,5,5,General Fitness Foundation
49,176.1,78.8,25.4,Boxing,Amateur,Recovery,2,4.2,0,4,8,9,3,6,4,General Fitness Foundation
40,175.3,111.1,36.2,Football,Professional,Muscle Gain,4,0.6,0,10,6,5,6,8,5,General Fitness Foundation
21,181.4,61.3,18.6,Weightlifting,Novice,Recovery,4,8.3,0,7,6,6,8,8,4,General Fitness Foundation
21,163.2,66.2,24.9,Boxing,Novice,General,2,3.0,0,4,8,3,7,7,10,General Fitness Foundation
21,190.6,86.0,23.7,Running,Amateur,Speed,3,4.2,0,3,10,3,10,8,7,General Fitness Foundation
32,191.5,76.4,20.8,Running,Professional,Power,3,4.5,0,4,10,6,5,9,5,General Fitness Foundation
49,188.9,114.1,32.0,Basketball,Amateur,General,4,6.5,0,8,5,10,8,6,10,General Fitness Foundation
43,173.7,107.1,35.5,Running,Novice,General,4,8.6,0,6,10,5,7,6,4,General Fitness Foundation
39,183.5,94.2,28.0,Boxing,Amateur,Speed,2,6.5,0,7,7,7,6,5,5,General Fitness Foundation
48,194.1,67.2,17.8,Football,Amateur,Agility,6,0.3,0,5,4,5,7,8,10,Speed Academy
29,193.4,60.8,16.3,Boxing,Novice,Weight Loss,2,6.1,1,7,9,7,10,10,10,General Fitness Foundation
30,170.4,104.8,36.1,Boxing,Amateur,Weight Loss,3,6.2,1,3,7,10,10,4,10,General Fitness Foundation
36,178.2,95.6,30.1,Boxing,Amateur,Muscle Gain,3,3.2,0,7,5,9,5,3,6,General Fitness Foundation
29,177.1,109.7,35.0,Football,Amateur,Weight Loss,2,2.3,1,4,8,4,3,4,9,General Fitness Foundation
21,190.4,117.6,32.4,Running,Amateur,General,5,2.1,0,5,7,9,3,7,8,General Fitness Foundation
23,175.7,100.9,32.7,Weightlifting,Professional,Endurance,4,5.4,0,6,9,8,9,5,5,General Fitness Foundation
44,165.9,76.6,27.8,Running,Professional,Recovery,6,8.3,0,10,10,7,9,5,8,General Fitness Foundation
48,190.1,83.4,23.1,Football,Novice,Muscle Gain,2,1.4,0,5,7,10,8,8,8,General Fitness Foundation
50,179.9,98.1,30.3,Basketball,Professional,General,3,3.9,0,8,3,10,7,8,3,General Fitness Foundation
16,193.4,106.9,28.6,Basketball,Novice,Power,2,1.0,0,10,5,9,4,6,3,Vertical Jump Pro
20,179.5,89.4,27.7,Running,Professional,Strength,2,0.5,1,7,3,5,10,6,7,General Fitness Foundation
48,172.3,111.5,37.6,Basketball,Amateur,Weight Loss,4,5.8,1,6,4,4,10,7,3,General Fitness Foundation
21,178.9,65.5,20.5,Running,Professional,Flexibility,3,5.8,0,7,4,8,5,4,10,General Fitness Foundation
38,184.6,98.8,29.0,Running,Professional,Muscle Gain,5,7.3,0,4,4,7,6,4,7,General Fitness Foundation
17,182.5,65.0,19.5,Football,Professional,Speed,4,0.9,0,10,7,5,6,8,4,Speed Academy
18,180.3,61.3,18.9,Boxing,Novice,Strength,3,7.4,1,9,6,10,10,10,3,Explosive Punch Power
44,186.2,80.3,23.2,Football,Professional,Agility,5,7.9,0,4,6,5,4,9,5,Speed Academy
25,176.8,76.1,24.3,Boxing,Novice,Flexibility,2,4.2,1,6,10,8,3,8,7,General Fitness Foundation
47,161.4,92.4,35.5,Running,Amateur,Flexibility,4,2.8,1,6,5,9,7,9,6,General Fitness Foundation
27,162.2,73.8,28.1,Football,Novice,Speed,3,2.9,1,8,6,4,6,9,6,Speed Academy
41,162.2,114.2,43.4,Weightlifting,Amateur,Agility,5,5.8,1,7,5,6,3,6,6,General Fitness Foundation
23,174.3,73.2,24.1,Weightlifting,Amateur,Speed,2,3.2,1,8,5,6,3,8,4,General Fitness Foundation
50,167.9,72.9,25.9,Basketball,Novice,General,4,9.7,0,3,3,7,9,6,5,General Fitness Foundation
16,170.6,84.3,29.0,Running,Amateur,General,6,6.9,1,9,4,8,4,7,9,General Fitness Foundation
49,188.0,87.8,24.8,Boxing,Professional,Speed,4,8.8,0,10,4,3,4,9,3,General Fitness Foundation
29,162.5,71.2,27.0,Running,Professional,General,2,2.3,0,4,3,8,4,9,6,General Fitness Foundation
26,178.8,62.6,19.6,Boxing,Professional,General,4,1.9,0,4,10,8,5,6,7,General Fitness Foundation
21,175.1,103.0,33.6,Basketball,Novice,Power,5,6.3,1,5,10,9,3,10,7,Vertical Jump Pro
22,173.5,76.0,25.2,Running,Amateur,Agility,4,3.6,1,3,7,4,7,5,8,General Fitness Foundation
29,179.5,70.9,22.0,Boxing,Novice,Recovery,4,1.2,1,5,9,6,4,6,6,General Fitness Foundation
50,187.5,103.9,29.6,Running,Novice,Speed,5,6.4,0,3,6,8,6,5,9,General Fitness Foundation
22,182.0,94.6,28.6,Football,Professional,Speed,2,5.9,1,9,5,7,6,9,6,Speed Academy
20,184.6,66.2,19.4,Football,Novice,General,3,2.6,1,10,7,8,8,8,6,General Fitness Foundation
40,192.8,88.3,23.8,Weightlifting,Novice,General,6,9.7,0,7,3,4,4,9,10,General Fitness Foundation
28,169.3,65.3,22.8,Football,Professional,Muscle Gain,3,1.4,1,10,6,10,7,4,6,General Fitness Foundation
31,182.9,86.4,25.8,Basketball,Professional,Muscle Gain,6,7.4,1,9,10,4,5,10,5,General Fitness Foundation
50,178.0,118.6,37.4,Weightlifting,Amateur,Speed,3,3.5,1,4,6,5,10,5,10,General Fitness Foundation
48,160.8,82.6,31.9,Boxing,Amateur,General,4,1.0,0,10,4,6,7,4,9,General Fitness Foundation
47,164.4,73.6,27.2,Weightlifting,Novice,Weight Loss,2,0.2,0,10,9,7,9,7,4,General Fitness Foundation
36,173.3,97.1,32.3,Basketball,Professional,Power,2,5.8,0,5,5,5,10,4,4,Vertical Jump Pro
